-- phpMyAdmin SQL Dump
-- version 5.0.2
-- https://www.phpmyadmin.net/
--
-- 主機： 127.0.0.1
-- 產生時間： 2021-01-03 17:37:13
-- 伺服器版本： 10.4.14-MariaDB
-- PHP 版本： 7.4.10

SET SQL_MODE = "NO_AUTO_VALUE_ON_ZERO";
START TRANSACTION;
SET time_zone = "+00:00";


/*!40101 SET @OLD_CHARACTER_SET_CLIENT=@@CHARACTER_SET_CLIENT */;
/*!40101 SET @OLD_CHARACTER_SET_RESULTS=@@CHARACTER_SET_RESULTS */;
/*!40101 SET @OLD_COLLATION_CONNECTION=@@COLLATION_CONNECTION */;
/*!40101 SET NAMES utf8mb4 */;

--
-- 資料庫： `db2020f_usedcarsales`
--
CREATE DATABASE IF NOT EXISTS `db2020f_usedcarsales` DEFAULT CHARACTER SET utf8 COLLATE utf8_general_ci;
USE `db2020f_usedcarsales`;

-- --------------------------------------------------------

--
-- 資料表結構 `buyer`
--

CREATE TABLE `buyer` (
  `BuyerID` varchar(12) NOT NULL,
  `Password` varchar(20) NOT NULL,
  `Name` varchar(15) NOT NULL,
  `Gender` varchar(1) NOT NULL,
  `Email` varchar(20) NOT NULL,
  `Address` varchar(50) NOT NULL,
  `PhoneNumber` int(10) NOT NULL
) ENGINE=InnoDB DEFAULT CHARSET=utf8mb4;

--
-- 傾印資料表的資料 `buyer`
--

INSERT INTO `buyer` (`BuyerID`, `Password`, `Name`, `Gender`, `Email`, `Address`, `PhoneNumber`) VALUES
('ALICE', 'girl123', 'Alice Arnold', 'F', '21girl@gmail.com', '8286 Princeton Avenue', 966523412),
('Ben0207', 'ben0207', 'Ben Robbins', 'M', 'ben0207@yahoo.com', '7223 Lynn White Way', 946832254),
('Falco', 'jenny999', 'Falco Mills', 'M', 'jenny998@gmail.com', '9915 Larchmont Avenue', 934901533),
('Jenny', 'car378', 'Jenny Bowers', 'F', 'living378@gmail.com', '5347 116th Avenue', 900454545),
('JJ747', 'delta747', 'Jessica Sandy', 'F', 'delta747@yahoo.com', '446 Rush Street', 995462163),
('JK66', '666james', 'James Kasey', 'M', 'lovepone66@yahoo.com', '2548 Lloyd Way', 912250541),
('KennyR', 'omega45', 'Kenny Rasmussen', 'M', 'omega0519@gmail.com', '8530 Denvir Drive', 968458545),
('petter', 'petter49car', 'Petter Tillman', 'M', '49mj49@yahoo.com', '2107 Gale Boulevard', 956475545),
('PH444', 'pp1199c', 'Pandora Helen', 'F', 'dream444@yahoo.com', '1746 Schubert Road', 985856810),
('RenaLove', 'ben0207', 'Rena Amelia', 'F', 'love1314@yahoo.com', '3260 Hayford Court', 965985813);

-- --------------------------------------------------------

--
-- 資料表結構 `cardealer`
--

CREATE TABLE `cardealer` (
  `CarDealerID` varchar(12) NOT NULL,
  `Password` varchar(20) NOT NULL,
  `Name` varchar(15) NOT NULL,
  `Email` varchar(20) NOT NULL,
  `PhoneNumber` int(11) NOT NULL,
  `StoreAddress` varchar(15) NOT NULL,
  `EarnestMoney` int(11) NOT NULL
) ENGINE=InnoDB DEFAULT CHARSET=utf8mb4;

--
-- 傾印資料表的資料 `cardealer`
--

INSERT INTO `cardealer` (`CarDealerID`, `Password`, `Name`, `Email`, `PhoneNumber`, `StoreAddress`, `EarnestMoney`) VALUES
('22374', 'good6789', 'GoodCar', 'goodcar100@gmail.com', 277352111, '5961 Fifth Road', 8000000),
('25403', 'pan789', 'PanCar', 'pancar789@gmail.com', 292837082, '5961 Fifth Road', 5000000),
('29030', 'car222', 'CarCar', 'carcar222@gmail.com', 226777749, '5961 Fifth Road', 3000000),
('29738', 'apple102', 'AppleCar', 'cargogo123@gmail.com', 202873828, '5961 Fifth Road', 2000000),
('47826', 'car9898', '9898Car', 'car9898@gmail.com', 202093488, '5961 Fifth Road', 5000000),
('59094', 'car123gogo', 'CarGOGO', 'cargogo123@gmail.com', 245698732, '5961 Fifth Road', 10000000),
('78990', 'dd78990', 'DDCar', 'dd888car@gmail.com', 234765837, '5961 Fifth Road', 8000000),
('88888', 'money888', 'MoneyCar', 'money888@gmail.com', 238827320, '5961 Fifth Road', 10000000);

-- --------------------------------------------------------

--
-- 資料表結構 `carresource`
--

CREATE TABLE `carresource` (
  `Brand` varchar(20) NOT NULL,
  `CarType` varchar(20) NOT NULL,
  `CarStyle` varchar(20) NOT NULL,
  `CarModel` varchar(10) NOT NULL,
  `CarDoor` int(11) NOT NULL,
  `Passenger` int(11) NOT NULL,
  `CableControlSystem` varchar(10) NOT NULL,
  `EngineDisplacement` varchar(10) NOT NULL,
  `CarColor` varchar(10) NOT NULL
) ENGINE=InnoDB DEFAULT CHARSET=utf8mb4;

--
-- 傾印資料表的資料 `carresource`
--

INSERT INTO `carresource` (`Brand`, `CarType`, `CarStyle`, `CarModel`, `CarDoor`, `Passenger`, `CableControlSystem`, `EngineDisplacement`, `CarColor`) VALUES
('Audi', 'A1', '', 'Crossover', 5, 5, 'AT', '1395', 'White'),
('Audi', 'A1 Sportback', '', 'Crossover', 5, 5, 'AT', '1395', 'White'),
('Audi', 'A3 5D', '', 'Sedan', 5, 5, 'AT', '1800', 'Brown'),
('Audi', 'A3 Sedan', '', 'Sedan', 4, 5, 'AT', '1395', 'Blue'),
('Audi', 'A3 Sportback', '', 'Sedan', 5, 5, 'AT', '1395', 'White'),
('Audi', 'A4 Allroad', '', 'Sedan', 4, 5, 'AT', '1984', 'White'),
('Audi', 'A4 Avant', '', 'Sedan', 5, 5, 'AT', '1984', 'White'),
('Audi', 'A4 Sendan', '', 'Sedan', 4, 5, 'AT', '1984', 'Black'),
('Audi', 'A5', '', 'Sedan', 5, 5, 'AT', '1984', 'Blue'),
('Audi', 'A5 Coupe', '', 'Coupe', 2, 4, 'AT', '1984', 'Blue'),
('Audi', 'A5 Sportback', '', 'Sedan', 4, 5, 'AT', '1984', 'Red'),
('Audi', 'A6', '', 'Sedan', 4, 5, 'AT', '1968', 'Black'),
('Audi', 'A6 Allroad', '', 'Crossover', 5, 5, 'AT', '2967', 'Black'),
('Audi', 'A6 Avant', '', 'Crossover', 5, 5, 'AT', '1968', 'Blue'),
('Audi', 'A7', '', 'Sedan', 5, 5, 'AT', '2995', 'White'),
('Audi', 'A7 Sportback', '', 'Crossover', 4, 5, 'AT', '1984', 'White'),
('Audi', 'A8', '', 'Full-sizeC', 4, 5, 'AT', '2967', 'Black'),
('Audi', 'A8L', '', 'Full-sizeC', 4, 5, 'AT', '2995', 'Black'),
('Audi', 'Q2', '', 'Sedan', 5, 5, 'AT', '1400', 'Blue'),
('Audi', 'Q3', '', 'Sedan', 5, 5, 'AT', '2000', 'White'),
('Audi', 'Q5', '', 'Sedan', 5, 5, 'AT', '2000', 'White'),
('Audi', 'Q7', '', 'Sedan', 5, 5, 'AT', '3000', 'White'),
('Audi', 'R8 Coupe', '', 'Coupe', 2, 2, 'AT', '5200', 'Blue'),
('Audi', 'R8 Spyder', '', 'Coupe', 2, 2, 'AT', '5200', 'Red'),
('Audi', 'RS 3', '', 'Sedan', 5, 5, 'AT', '2500', 'Black'),
('Audi', 'RS 4', '', 'Sedan', 5, 5, 'AT', '4200', 'Black'),
('Audi', 'RS 6', '', 'Sedan', 5, 5, 'AT', '4000', 'Blue'),
('Audi', 'S3', '', 'Sedan', 4, 4, 'AT', '2000', 'White'),
('Audi', 'S3 Sportback', '', 'Sedan', 5, 5, 'AT', '2000', 'White'),
('Audi', 'S4 Avant', '', 'Sedan', 5, 5, 'AT', '3000', 'White'),
('Audi', 'S4 Sedan', '', 'Sedan', 4, 5, 'AT', '3000', 'Blue'),
('Audi', 'S5 Coupe', '', 'Sedan', 5, 5, 'AT', '3000', 'Black'),
('Audi', 'S5 Sportback', '', 'Sedan', 5, 5, 'AT', '3000', 'Blue'),
('Audi', 'S6 Sedan', '', 'Sedan', 4, 5, 'AT', '4000', 'White'),
('Audi', 'S7 Sportback', '', 'Sedan', 4, 4, 'AT', '4000', 'White'),
('Audi', 'SQ5', '', 'Sedan', 5, 5, 'AT', '3000', 'Black'),
('Audi', 'SQ7', '', 'Crossover', 5, 7, 'AT', '2000', 'Black'),
('Audi', 'TT', '', 'Coupe', 2, 4, 'AT', '2000', 'White'),
('Audi', 'TTRS', '', 'Coupe', 3, 4, 'AT', '2500', 'Silver'),
('Audi', 'TTS', '', 'Coupe', 2, 4, 'AT', '2000', 'White'),
('BMW', '1', '116i', 'Crossover', 5, 5, 'AT', '1600', 'Silver'),
('BMW', '1', '118d', 'Coupe', 2, 4, 'AT', '2000', 'White'),
('BMW', '1', '118i', 'Crossover', 5, 5, 'AT', '1500', 'White'),
('BMW', '1', '118iEditionSport', 'Crossover', 5, 5, 'AT', '1600', 'White'),
('BMW', '1', '120d', 'Crossover', 5, 4, 'AT', '1500', 'White'),
('BMW', '1', '120i', 'Crossover', 5, 5, 'AT', '2000', 'Black'),
('BMW', '1', '120i M Sport', 'Crossover', 5, 5, 'AT', '2000', 'White'),
('BMW', '1', '120iA', 'Crossover', 5, 5, 'AT', '2000', 'Black'),
('BMW', '1', '123d', 'Crossover', 5, 5, 'AT', '2000', 'Black'),
('BMW', '1', '125i', 'Crossover', 5, 5, 'AT', '2000', 'White'),
('BMW', '1', '130i', 'Crossover', 5, 5, 'AT', '3000', 'Black'),
('BMW', '1', '135i', 'Coupe', 2, 4, 'AT', '1500', 'Red'),
('BMW', '1', 'M118i', 'Crossover', 5, 5, 'AT', '2000', 'White'),
('BMW', '2', '218d', 'Crossover', 5, 5, 'AT', '2000', 'White'),
('BMW', '2', '218i', 'Sedan', 5, 5, 'AT', '1500', 'White'),
('BMW', '2', '220d', 'Coupe', 2, 5, 'AT', '2000', 'Black'),
('BMW', '2', '220i', 'Coupe', 2, 4, 'AT', '2000', 'White'),
('BMW', '2', '220i M Sport', 'Coupe', 2, 4, 'AT', '2000', 'Gray'),
('BMW', '2', '225i', 'CompactCar', 5, 5, 'AT', '2000', 'White'),
('BMW', '2', 'M 220l', 'Coupe', 2, 4, 'AT', '2000', 'White'),
('BMW', '2', 'M235i', 'Coupe', 2, 4, 'AT', '3000', 'Black'),
('BMW', '2', 'M235i xDrive', 'Sedan', 4, 4, 'AT', '2000', 'Blue'),
('BMW', '2', 'M240i', 'Coupe', 2, 2, 'AT', '3000', 'White'),
('BMW', '3', '316i', 'Sedan', 4, 4, 'AT', '1600', 'White'),
('BMW', '3', '318Ci', 'Coupe', 2, 5, 'AT', '1900', 'White'),
('BMW', '3', '318i', 'Sedan', 4, 5, 'AT', '2000', 'Black'),
('BMW', '3', '318ia', 'Sedan', 4, 5, 'AT', '2000', 'White'),
('BMW', '3', '320ci', 'Coupe', 2, 4, 'AT', '2000', 'White'),
('BMW', '3', '320d', 'Sedan', 5, 5, 'AT', '2000', 'Black'),
('BMW', '3', '320d GT', 'Crossover', 5, 5, 'AT', '2000', 'White'),
('BMW', '3', '320i', 'Sedan', 4, 5, 'AT', '2000', 'Silver'),
('BMW', '3', '320i GT', 'Crossover', 4, 5, 'AT', '2000', 'White'),
('BMW', '3', '320i LCI', 'Sedan', 4, 5, 'AT', '2000', 'Black'),
('BMW', '3', '320i M Sport', 'Sedan', 4, 5, 'AT', '2000', 'Black'),
('BMW', '3', '320i Sport Line', 'Sedan', 4, 5, 'AT', '2000', 'White'),
('BMW', '3', '323ci', 'Coupe', 2, 4, 'AT', '2500', 'Black'),
('BMW', '3', '323i', 'Sedan', 4, 5, 'AT', '2500', 'Gray'),
('BMW', '3', '323i M Sport', 'Sedan', 4, 5, 'AT', '2500', 'White'),
('BMW', '3', '325ci', 'Coupe', 2, 4, 'AT', '2500', 'Silver'),
('BMW', '3', '325i', 'Sedan', 4, 5, 'AT', '2500', 'Black'),
('BMW', '3', '325is', 'Coupe', 2, 5, 'MT', '2500', 'Silver'),
('BMW', '3', '325xi', 'Sedan', 4, 5, 'AT', '2500', 'White'),
('BMW', '3', '328i', 'Sedan', 4, 5, 'AT', '2000', 'Black'),
('BMW', '3', '328i GT', 'Crossover', 4, 4, 'AT', '2000', 'White'),
('BMW', '3', '328i M Sport', 'Sedan', 4, 5, 'AT', '2000', 'White'),
('BMW', '3', '328xi', 'Sedan', 4, 5, 'AT', '2000', 'Black'),
('BMW', '3', '330ci', 'Coupe', 2, 2, 'AT', '3000', 'Gray'),
('BMW', '3', '330i', 'Sedan', 4, 5, 'AT', '2000', 'Gray'),
('BMW', '3', '330i GT', 'Crossover', 5, 5, 'AT', '2000', 'White'),
('BMW', '3', '330i M Sport', 'Sedan', 4, 5, 'AT', '2000', 'Black'),
('BMW', '3', '335ci ', 'Coupe', 2, 2, 'AT', '3000', 'Blue'),
('BMW', '3', '335i', 'Sedan', 5, 5, 'AT', '3000', 'Gray'),
('BMW', '3', '335i GT', 'Crossover', 5, 5, 'AT', '3000', 'Black'),
('BMW', '3', '340i', 'Sedan', 4, 5, 'AT', '3000', 'White'),
('BMW', '3', 'ActiveHybrid 3', 'Sedan', 4, 4, 'AT', '3000', 'White'),
('BMW', '3', 'M340i xDrive', 'Sedan', 4, 5, 'AT', '3000', 'White'),
('BMW', '4', '420i', 'Sedan', 4, 5, 'AT', '2000', 'White'),
('BMW', '4', '420i M Sport', 'Sedan', 5, 5, 'AT', '2000', 'White'),
('BMW', '4', '428i', 'Coupe', 2, 5, 'AT', '2000', 'White'),
('BMW', '4', '428i M Sport', 'Coupe', 2, 4, 'AT', '2000', 'Black'),
('BMW', '4', '430i', 'Sedan', 5, 5, 'AT', '2000', 'White'),
('BMW', '4', '430i M Sport', 'Sedan', 5, 5, 'AT', '2000', 'Black'),
('BMW', '4', '435i', 'Sedan', 5, 5, 'AT', '2000', 'Gray'),
('BMW', '4', '440i', 'Sedan', 4, 5, 'AT', '3000', 'White'),
('BMW', '4', '440i M Sport', 'Sedan', 4, 5, 'AT', '3000', 'Black'),
('BMW', '5', '520d', 'Sedan', 4, 5, 'AT', '2000', 'Gray'),
('BMW', '5', '520d GT', 'Crossover', 5, 5, 'AT', '2000', 'White'),
('BMW', '5', '520d Luxury', 'Sedan', 4, 5, 'AT', '2000', 'Silver'),
('BMW', '5', '520d Touring', 'Crossover', 5, 5, 'AT', '2000', 'Gray'),
('BMW', '5', '520i', 'Sedan', 4, 5, 'AT', '2000', 'Black'),
('BMW', '5', '520i Luxury', 'Sedan', 4, 5, 'AT', '2000', 'White'),
('BMW', '5', '520i M Sport', 'Sedan', 4, 5, 'AT', '2000', 'White'),
('BMW', '5', '520i Touring', 'Crossover', 4, 4, 'MT', '2000', 'Silver'),
('BMW', '5', '520iA', 'Sedan', 4, 5, 'AT', '2000', 'Black'),
('BMW', '5', '523i', 'Sedan', 4, 5, 'AT', '2000', 'White'),
('BMW', '5', '525d', 'Sedan', 5, 5, 'AT', '2000', 'White'),
('BMW', '5', '525i', 'Sedan', 4, 5, 'AT', '2000', 'Gray'),
('BMW', '5', '525i M Sport', 'Sedan', 4, 5, 'AT', '2000', 'Black'),
('BMW', '5', '525iA', 'Sedan', 4, 5, 'AT', '2500', 'Black'),
('BMW', '5', '528i', 'Sedan', 4, 5, 'AT', '2000', 'Gray'),
('BMW', '5', '528i GT', 'Crossover', 5, 5, 'AT', '2000', 'White'),
('BMW', '5', '528i Luxury', 'Sedan', 4, 5, 'AT', '2000', 'Black'),
('BMW', '5', '528i M Sport', 'Sedan', 4, 5, 'AT', '2000', 'White'),
('BMW', '5', '528i Touring', 'Crossover', 5, 5, 'AT', '2000', 'Silver'),
('BMW', '5', '530d', 'Sedan', 4, 5, 'AT', '3000', 'Black'),
('BMW', '5', '530d GT', 'Crossover', 5, 5, 'AT', '3000', 'Gray'),
('BMW', '5', '530d M Sport', 'Sedan', 4, 5, 'AT', '3000', 'Black'),
('BMW', '5', '530i', 'Sedan', 4, 5, 'AT', '2000', 'White'),
('BMW', '5', '530i Luxury', 'Sedan', 4, 5, 'AT', '2000', 'White'),
('BMW', '5', '530i M Sport', 'Sedan', 4, 5, 'AT', '2000', 'Blue'),
('BMW', '5', '530i xDrive', 'Sedan', 4, 5, 'AT', '2000', 'White'),
('BMW', '5', '530XI Touring', 'Crossover', 5, 5, 'AT', '2000', 'Black'),
('BMW', '5', '535d', 'Sedan', 4, 5, 'AT', '3000', 'Gray'),
('BMW', '5', '535i', 'Sedan', 4, 5, 'AT', '3000', 'Black'),
('BMW', '5', '535i GT', 'Crossover', 5, 5, 'AT', '3000', 'Silver'),
('BMW', '5', '535i M Sport', 'Sedan', 4, 5, 'AT', '3000', 'Black'),
('BMW', '5', '535xi', 'Crossover', 5, 5, 'AT', '3000', 'Black'),
('BMW', '5', '540i', 'Sedan', 4, 5, 'AT', '3000', 'Black'),
('BMW', '5', '540i M Sport', 'Sedan', 4, 5, 'AT', '3000', 'Black'),
('BMW', '5', '540i xDrive', 'Sedan', 4, 5, 'AT', '3000', 'White'),
('BMW', '5', '550i', 'Sedan', 4, 5, 'AT', '4800', 'Black'),
('BMW', '5', '550i GT', 'Crossover', 5, 5, 'AT', '4400', 'Black'),
('BMW', '5', 'ActiveHybrid 5', 'Sedan', 4, 5, 'AT', '3000', 'White'),
('BMW', '5', 'M550D xDrive', 'Crossover', 5, 5, 'AT', '3000', 'Silver'),
('BMW', '5', 'M550i', 'Sedan', 4, 5, 'AT', '4400', 'Black'),
('BMW', '5', 'M550i xDrive', 'Sedan', 4, 5, 'AT', '4400', 'White'),
('BMW', '6', '630i', 'Coupe', 2, 5, 'AT', '3000', 'Gray'),
('BMW', '6', '640i', 'Sedan', 4, 5, 'AT', '3000', 'Silver'),
('BMW', '6', '640i M Sport', 'Sedan', 4, 5, 'AT', '3000', 'Black'),
('BMW', '6', '645Ci', 'Coupe', 2, 4, 'AT', '4400', 'Silver'),
('BMW', '6', '650i', 'Coupe', 2, 4, 'AT', '4400', 'Blue'),
('BMW', '7', '728i', 'Sedan', 4, 5, 'AT', '2800', 'Black'),
('BMW', '7', '730d', 'Sedan', 4, 5, 'AT', '3000', 'Gray'),
('BMW', '7', '730d Luxury', 'Sedan', 4, 5, 'AT', '3000', 'Black'),
('BMW', '7', '730i', 'Sedan', 4, 5, 'AT', '3000', 'Black'),
('BMW', '7', '730i Luxury', 'Sedan', 4, 5, 'AT', '2000', 'Black'),
('BMW', '7', '730Ld', 'Sedan', 4, 5, 'AT', '3000', 'Black'),
('BMW', '7', '730Li', 'Sedan', 4, 5, 'AT', '3000', 'Black'),
('BMW', '7', '735iL', 'Sedan', 4, 5, 'AT', '3500', 'Black'),
('BMW', '7', '735Li', 'Sedan', 4, 5, 'AT', '3600', 'Black'),
('BMW', '7', '740i', 'Sedan', 4, 5, 'AT', '3000', 'Black'),
('BMW', '7', '740Li', 'Sedan', 4, 5, 'AT', '3000', 'Black'),
('BMW', '7', '740Li Luxury', 'Sedan', 4, 5, 'AT', '3000', 'Black'),
('BMW', '7', '745Li', 'Sedan', 4, 5, 'AT', '4400', 'Black'),
('BMW', '7', '750i', 'Sedan', 4, 5, 'AT', '5400', 'Black'),
('BMW', '7', '750i xDrive Luxury', 'Sedan', 4, 5, 'AT', '4400', 'Blue'),
('BMW', '7', '750Ld', 'Sedan', 4, 5, 'AT', '3000', 'Black'),
('BMW', '7', '750Li', 'Sedan', 4, 5, 'AT', '4400', 'Black'),
('BMW', '7', '750Li Luxury', 'Sedan', 4, 5, 'AT', '4400', 'Black'),
('BMW', '7', '760Li', 'Sedan', 4, 5, 'AT', '6000', 'Black'),
('BMW', '7', 'ActiveHybrid 7', 'Sedan', 4, 5, 'AT', '4400', 'Black'),
('BMW', '7', 'ActiveHybrid 7L', 'Sedan', 4, 5, 'AT', '4400', 'Black'),
('BMW', '7', 'L7', 'Sedan', 4, 4, 'AT', '5400', 'Silver'),
('BMW', '7', 'M760Li', 'Sedan', 4, 5, 'AT', '6000', 'White'),
('BMW', '8', '840i M Sport', 'Sedan', 4, 4, 'AT', '3000', 'Blue'),
('BMW', '8', 'm850i', 'Coupe', 2, 4, 'AT', '4400', 'White'),
('BMW', 'Alpina', 'Alpina B3', 'Sedan', 4, 5, 'AT', '3000', 'Blue'),
('BMW', 'Alpina', 'Alpina B5', 'Sedan', 4, 5, 'AT', '4400', 'Blue'),
('BMW', 'Alpina', 'Alpina B6', 'Sedan', 4, 4, 'AT', '4400', 'White'),
('BMW', 'i', 'i3', 'CompactCar', 5, 4, 'AT', '1100', 'White'),
('BMW', 'i', 'i3s', 'CompactCar', 5, 4, 'AT', '1100', 'Red'),
('BMW', 'i', 'i3s REx', 'CompactCar', 4, 4, 'AT', '1100', 'White'),
('BMW', 'i', 'i8 Coupe', 'Coupe', 2, 4, 'AT', '1500', 'White'),
('Ford', 'Activa', '', 'Sedan', 4, 5, 'AT', '1598', 'Silver'),
('Ford', 'E-250', '', 'Van', 5, 9, 'AT', '5400', 'White'),
('Ford', 'Econoline', '', 'Van', 6, 9, 'AT', '5400', 'Blue'),
('Ford', 'Econovan', '', 'Van', 5, 9, 'MT', '2000', 'Silver'),
('Ford', 'EcoSport', '', 'SUV', 5, 5, 'AT', '1598', 'Blue'),
('Ford', 'Escape', '', 'SUV', 4, 5, 'AT', '2300', 'Gray'),
('Ford', 'Escort', '', 'Sedan', 5, 5, 'AT', '1499', 'Black'),
('Ford', 'Explorer', '', 'SUV', 4, 5, 'AT', '4000', 'White'),
('Ford', 'F-150', '', 'Pick-upTru', 4, 5, 'AT', '3500', 'Black'),
('Ford', 'Fiesta', '', 'Sedan', 5, 5, 'AT', '1499', 'Blue'),
('Ford', 'Focus', '', 'Crossover', 5, 5, 'AT', '1499', 'Blue'),
('Ford', 'Focus Powershift', '', 'Crossover', 4, 5, 'AT', '2995', 'Black'),
('Ford', 'Freestar', '', 'Van', 5, 7, 'AT', '4200', 'Brown'),
('Ford', 'i-Max', '', 'SUV', 5, 5, 'AT', '2000', 'Gray'),
('Ford', 'Kuga', '', 'SUV', 5, 5, 'AT', '1499', 'White'),
('Ford', 'Metrostar', '', 'Sedan', 4, 5, 'AT', '2000', 'White'),
('Ford', 'Mondeo', '', 'Sedan', 4, 5, 'AT', '2000', 'White'),
('Ford', 'Mondeo Hybrid', '', 'Sedan', 4, 5, 'AT', '2000', 'White'),
('Ford', 'Mustang', '', 'Convertibl', 2, 4, 'AT', '2300', 'Blue'),
('Ford', 'Pronto', '', 'Van', 5, 5, 'AT', '1100', 'Silver'),
('Ford', 'PRZ', '', 'Van', 5, 5, 'AT', '1100', 'Orange'),
('Ford', 'Ranger', '', 'P-UTruck', 5, 5, 'AT', '2000', 'Black'),
('Ford', 'Tierra', '', 'Sedan', 4, 5, 'AT', '2000', 'Black'),
('Ford', 'Tourneo Custom', '', 'Van', 4, 8, 'AT', '2000', 'Silver'),
('Ford', 'Windstar', '', 'Crossover', 4, 7, 'AT', '3000', 'Silver'),
('Honda', 'Accord', '', 'Sedan', 4, 5, 'AT', '3000', 'Gray'),
('Honda', 'City', '', 'Sedan', 4, 5, 'AT', '1500', 'White'),
('Honda', 'Civic', '', 'Sedan', 4, 5, 'AT', '1800', 'Gray'),
('Honda', 'Civic CV3', '', 'Crossover', 4, 5, 'AT', '1600', 'Gray'),
('Honda', 'Civic K8', '', 'Sedan', 4, 5, 'AT', '1600', 'Gray'),
('Honda', 'Civic Type R', '', 'Sedan', 4, 5, 'AT', '2000', 'Gray'),
('Honda', 'CR-V', '', 'SUV', 5, 5, 'AT', '2000', 'Gray'),
('Honda', 'CR-Z', '', 'Crossover', 3, 4, 'AT', '1500', 'Gray'),
('Honda', 'CV4', '', 'SUV', 4, 5, 'AT', '2400', 'Gray'),
('Honda', 'Ferio', '', 'Sedan', 4, 5, 'AT', '1700', 'Gray'),
('Honda', 'Fit', '', 'CompactCar', 5, 5, 'AT', '1500', 'Gray'),
('Honda', 'HR-V', '', 'SUV', 4, 5, 'AT', '1800', 'Gray'),
('Honda', 'Insight Hybrid', '', 'Sedan', 5, 5, 'AT', '1300', 'Gray'),
('Honda', 'K6', '', 'Sedan', 4, 5, 'MT', '1500', 'Gray'),
('Honda', 'Odyssey', '', 'Van', 5, 7, 'AT', '2400', 'Gray'),
('Honda', 'S2000', '', 'Coupe', 2, 2, 'MT', '2000', 'Gray'),
('Hyundai', 'Coupe', '', 'Coupe', 2, 5, 'AT', '2000', 'Red'),
('Hyundai', 'Elantra', '', 'Sedan', 4, 4, 'AT', '1300', 'Black'),
('Hyundai', 'Getz', '', 'Sedan', 5, 5, 'AT', '2000', 'Red'),
('Hyundai', 'i10', '', 'Sedan', 5, 5, 'AT', '1200', 'Blue'),
('Hyundai', 'i30', '', 'Sedan', 5, 5, 'AT', '1600', 'Gray'),
('Hyundai', 'i30 CW', '', 'SUV', 5, 5, 'AT', '1600', 'White'),
('Hyundai', 'IONIQ', '', 'Sedan', 4, 5, 'AT', '1600', 'White'),
('Hyundai', 'ix35', '', 'Sedan', 5, 5, 'AT', '2000', 'Black'),
('Hyundai', 'Kona', '', 'Sedan', 5, 5, 'AT', '1600', 'White'),
('Hyundai', 'Lavita', '', 'Sedan', 5, 5, 'AT', '1600', 'Silver'),
('Hyundai', 'Matrix', '', 'Sedan', 5, 5, 'AT', '1800', 'Silver'),
('Hyundai', 'Porter', '', 'P-UTruck', 2, 2, 'AT', '2500', 'White'),
('Hyundai', 'Santa Fe', '', 'Sedan', 5, 5, 'AT', '2200', 'White'),
('Hyundai', 'Sonata', '', 'Sedan', 4, 5, 'AT', '2000', 'Silver'),
('Hyundai', 'Starex', '', 'Van', 5, 8, 'AT', '2500', 'Black'),
('Hyundai', 'Trajet', '', 'Van', 5, 7, 'AT', '2000', 'Black'),
('Hyundai', 'Tucson', '', 'Sedan', 5, 5, 'AT', '2000', 'Silver'),
('Hyundai', 'Veloster', '', 'Coupe', 3, 4, 'AT', '1600', 'Silver'),
('Hyundai', 'Verna', '', 'Sedan', 4, 5, 'AT', '1600', 'Black'),
('Lamborghini', 'Aventador', '', 'SportCar', 2, 2, 'AT', '6498', 'Blue'),
('Lamborghini', 'Gallardo', '', 'SportCar', 2, 2, 'AT', '5204', 'Yellow'),
('Lamborghini', 'Huracan', '', 'SportCar', 2, 2, 'AT', '5204', 'Black'),
('Lamborghini', 'Huracan LP610-4', '', 'SportCar', 2, 2, 'AT', '5204', 'Orange'),
('Lamborghini', 'LP550-2', '', 'SportCar', 2, 2, 'AT', '5204', 'Orange'),
('Lamborghini', 'LP560-4', '', 'SportCar', 2, 2, 'AT', '5204', 'White'),
('Lamborghini', 'Urus', '', 'LSUV', 5, 5, 'AT', '3996', 'Yellow'),
('Lexus', 'CT200h', '', 'Crossover', 5, 5, 'AT', '1798', 'White'),
('Lexus', 'ES350', '', 'Sedan', 4, 5, 'AT', '3456', 'Gray'),
('Lexus', 'GS350', '', 'Sedan', 4, 5, 'AT', '3456', 'White'),
('Lexus', 'GS350F', '', 'Sedan', 4, 5, 'AT', '3456', 'Champagne'),
('Lexus', 'IS200t', '', 'Sedan', 4, 5, 'AT', '1998', 'White'),
('Lexus', 'IS250C', '', 'Coupe', 2, 4, 'AT', '2500', 'Blue'),
('Lexus', 'ISF', '', 'Sedan', 4, 4, 'AT', '4969', 'Blue'),
('Lexus', 'LC500', '', 'SportCar', 2, 4, 'AT', '4969', 'Blue'),
('Lexus', 'LM300h', '', 'Van', 5, 7, 'AT', '2494', 'Black'),
('Lexus', 'LS500h', '', 'Sedan', 4, 5, 'AT', '3445', 'Black'),
('Lexus', 'LX570', '', 'LSUV', 5, 8, 'AT', '5663', 'Silver'),
('Lexus', 'NX250t', '', 'LSUV', 5, 5, 'AT', '1998', 'Silver'),
('Lexus', 'RC F', '', 'Coupe', 2, 4, 'AT', '4969', 'Silver'),
('Lexus', 'RX350', '', 'LSUV', 5, 5, 'AT', '1798', 'White'),
('Lexus', 'RX350L', '', 'LSUV', 5, 7, 'AT', '3456', 'Brown'),
('Lexus', 'RX450h', '', 'LSUV', 5, 5, 'AT', '3456', 'White'),
('Lexus', 'SC430', '', 'Convertibl', 2, 4, 'AT', '4293', 'Black'),
('Lexus', 'UX200', '', 'SUV', 5, 5, 'AT', '1987', 'Brown'),
('Mazda', 'CX-3', '', 'SUV', 5, 5, 'AT', '2000', 'Gray'),
('Mazda', 'CX-30', '', 'SUV', 5, 5, 'AT', '2000', 'Gray'),
('Mazda', 'CX-5', '', 'SUV', 5, 5, 'AT', '2500', 'Gray'),
('Mazda', 'CX-7', '', 'SUV', 5, 5, 'AT', '2300', 'Gray'),
('Mazda', 'CX-9', '', 'SUV', 5, 7, 'AT', '2500', 'White'),
('Mazda', 'E2000', '', 'P-UTruck', 2, 3, 'MT', '2000', 'Blue'),
('Mazda', 'Isamu', '', 'Sedan', 5, 5, 'AT', '1600', 'White'),
('Mazda', 'Mazda2', '', 'Sedan', 5, 5, 'AT', '1500', 'White'),
('Mazda', 'Mazda3', '', 'Sedan', 4, 5, 'AT', '2000', 'Red'),
('Mazda', 'Mazda323', '', 'Sedan', 4, 5, 'AT', '2000', 'White'),
('Mazda', 'Mazda5', '', 'Crossover', 5, 7, 'AT', '2000', 'Black'),
('Mazda', 'Mazda6', '', 'Sedan', 4, 5, 'AT', '2000', 'Silver'),
('Mazda', 'Mazda6 Wagon', '', 'Sedan', 5, 5, 'AT', '2200', 'Black'),
('Mazda', 'MPV', '', 'Van', 5, 7, 'AT', '3000', 'Silver'),
('Mazda', 'MX-5', '', 'Convertibl', 2, 2, 'AT', '2000', 'Red'),
('Mazda', 'Premacy', '', 'Crossover', 5, 7, 'AT', '2000', 'Black'),
('Mazda', 'RX-8', '', 'Sedan', 4, 4, 'AT', '2600', 'Red'),
('Mazda', 'Tribute', '', 'Van', 5, 7, 'AT', '3000', 'Silver'),
('Mercedes', 'A', 'A180', 'CompactCar', 5, 5, 'AT', '1600', 'Black'),
('Mercedes', 'A', 'A190', 'CompactCar', 4, 5, 'AT', '1900', 'Green'),
('Mercedes', 'A', 'A200', 'Sedan', 5, 5, 'AT', '1600', 'White'),
('Mercedes', 'A', 'A220', 'Sedan', 5, 5, 'AT', '2000', 'Gray'),
('Mercedes', 'A', 'A250', 'Crossover', 5, 5, 'AT', '2000', 'Black'),
('Mercedes', 'A', 'A45 AMG', 'Crossover', 5, 5, 'AT', '2000', 'White'),
('Mercedes', 'A', 'A45S AMG', 'Crossover', 5, 5, 'AT', '2000', 'White'),
('Mercedes', 'A', 'AMG A 35 4Matic', 'Crossover', 5, 5, 'AT', '2000', 'White'),
('Mercedes', 'AMG GT', 'AMG GT', 'Coupe', 2, 2, 'AT', '4000', 'White'),
('Mercedes', 'AMG GT', 'AMG GT43', 'Sedan', 4, 4, 'AT', '3000', 'Blue'),
('Mercedes', 'AMG GT', 'AMG GT53', 'Sedan', 5, 4, 'AT', '3000', 'White'),
('Mercedes', 'AMG GT', 'AMG GT63S', 'Sedan', 4, 4, 'AT', '4000', 'Gray'),
('Mercedes', 'B', 'B170', 'Sedan', 5, 5, 'AT', '1700', 'Silver'),
('Mercedes', 'B', 'B180', 'Sedan', 5, 5, 'AT', '1600', 'Red'),
('Mercedes', 'B', 'B200', 'Sedan', 5, 5, 'AT', '1600', 'White'),
('Mercedes', 'B', 'B200d', 'Sedan', 5, 5, 'AT', '1800', 'Red'),
('Mercedes', 'B', 'B200t', 'Sedan', 5, 5, 'AT', '2000', 'Black'),
('Mercedes', 'C', 'C180', 'Coupe', 2, 5, 'AT', '1600', 'Silver'),
('Mercedes', 'C', 'C200', 'Sedan', 4, 5, 'AT', '1800', 'Black'),
('Mercedes', 'C', 'C200 Cabrio', 'Sedan', 4, 5, 'AT', '1800', 'White'),
('Mercedes', 'C', 'C200 Estate', 'Sedan', 4, 5, 'AT', '2000', 'White'),
('Mercedes', 'C', 'C200d', 'Sedan', 5, 5, 'AT', '1600', 'Black'),
('Mercedes', 'C', 'C200K', 'Sedan', 4, 5, 'AT', '1800', 'White'),
('Mercedes', 'C', 'C200K Estate', 'Sedan', 5, 4, 'AT', '1800', 'Blue'),
('Mercedes', 'C', 'C220', 'Sedan', 5, 4, 'AT', '2100', 'Silver'),
('Mercedes', 'C', 'C220D', 'Sedan', 5, 5, 'AT', '2100', 'Silver'),
('Mercedes', 'C', 'C230', 'Sedan', 4, 5, 'AT', '2300', 'Blue'),
('Mercedes', 'C', 'C230K', 'Sedan', 4, 5, 'AT', '2300', 'Silver'),
('Mercedes', 'C', 'C240', 'Sedan', 4, 5, 'AT', '2600', 'Silver'),
('Mercedes', 'C', 'C250', 'Sedan', 4, 5, 'AT', '2000', 'White'),
('Mercedes', 'C', 'C250 Estate', 'Sedan', 4, 5, 'AT', '1800', 'White'),
('Mercedes', 'C', 'C280', 'Sedan', 4, 5, 'AT', '3000', 'Gray'),
('Mercedes', 'C', 'C300', 'Sedan', 4, 5, 'AT', '2000', 'White'),
('Mercedes', 'C', 'C300 Cabrio', 'Sedan', 4, 5, 'AT', '3000', 'Black'),
('Mercedes', 'C', 'C300 Estate', 'Sedan', 4, 5, 'AT', '2000', 'White'),
('Mercedes', 'C', 'C32', 'Sedan', 5, 5, 'AT', '3200', 'Black'),
('Mercedes', 'C', 'C32 AMG', 'Sedan', 2, 5, 'AT', '3200', 'Silver'),
('Mercedes', 'C', 'C320', 'Sedan', 4, 5, 'AT', '3200', 'Silver'),
('Mercedes', 'C', 'C32T AMG', 'Sedan', 4, 5, 'AT', '3200', 'White'),
('Mercedes', 'C', 'C350', 'Sedan', 4, 5, 'AT', '3500', 'Silver'),
('Mercedes', 'C', 'C400', 'Sedan', 4, 5, 'AT', '3000', 'Black'),
('Mercedes', 'C', 'C43 AMG', 'Sedan', 4, 5, 'AT', '3000', 'White'),
('Mercedes', 'C', 'C450', 'Sedan', 4, 5, 'AT', '3000', 'Blue'),
('Mercedes', 'C', 'C63 AMG', 'Sedan', 4, 5, 'AT', '4000', 'Black'),
('Mercedes', 'C', 'C63 S AMG', 'Sedan', 4, 5, 'AT', '4000', 'Black'),
('Mitsubishi', '30000GT', '', 'Coupe', 2, 4, 'MT', '3000', 'White'),
('Mitsubishi', 'ASX', '', 'Crossover', 5, 5, 'AT', '2000', 'Black'),
('Mitsubishi', 'Boss Zinger', '', 'Van', 5, 5, 'AT', '2400', 'White'),
('Mitsubishi', 'Canter', '', 'P-UTruck', 2, 3, 'MT', '2800', 'Blue'),
('Mitsubishi', 'Colt Plus', '', 'Sedan', 5, 5, 'AT', '1600', 'Blue'),
('Mitsubishi', 'Delica廂車', '', 'Van', 4, 8, 'AT', '2400', 'Silver'),
('Mitsubishi', 'Delica貨車', '', 'P-UTruck', 2, 3, 'AT', '2400', 'Blue'),
('Mitsubishi', 'Eclipse', '', 'Sedan', 5, 5, 'AT', '1500', 'White'),
('Mitsubishi', 'Eclipse Cross', '', 'Sedan', 5, 5, 'AT', '1500', 'White'),
('Mitsubishi', 'EVO', '', 'Sedan', 4, 5, 'AT', '1800', 'White'),
('Mitsubishi', 'Freeca', '', 'P-UTruck', 2, 2, 'AT', '2000', 'Blue'),
('Mitsubishi', 'Fuso', '', 'P-UTruck', 2, 3, 'AT', '6000', 'Greeb'),
('Mitsubishi', 'Grand Lancer', '', 'Sedan', 4, 5, 'AT', '1600', 'Green'),
('Mitsubishi', 'Grunder', '', 'Sedan', 4, 5, 'AT', '2400', 'Silver'),
('Mitsubishi', 'Lancer', '', 'Sedan', 4, 5, 'AT', '1800', 'White'),
('Mitsubishi', 'Lancer Fortis', '', 'Sedan', 4, 5, 'AT', '2000', 'White'),
('Mitsubishi', 'Lancer Sportback', '', 'Sedan', 5, 5, 'AT', '1800', 'Black'),
('Mitsubishi', 'LEADCA', '', 'P-UTruck ', 2, 3, 'AT', '2800', 'Blue'),
('Mitsubishi', 'Magic', '', 'Van', 5, 5, 'AT', '1600', 'Silver'),
('Mitsubishi', 'Minicab', '', 'P-UTruck', 2, 2, 'AT', '1100', 'Blue'),
('Mitsubishi', 'Outlander', '', 'Crossover', 5, 7, 'AT', '2400', 'Silver'),
('Mitsubishi', 'Outlander PHEV', '', 'Sedan', 5, 5, 'AT', '2000', 'Silver'),
('Mitsubishi', 'Pajero', '', 'Crossover', 5, 7, 'AT', '3500', 'Silver'),
('Mitsubishi', 'Pajero三門款', '', 'Van', 3, 5, 'AT', '3200', 'Black'),
('Mitsubishi', 'Savrin', '', 'Sedan', 5, 5, 'AT', '2000', 'Black'),
('Mitsubishi', 'Space Gear', '', 'Van', 5, 5, 'AT', '2400', 'Black'),
('Mitsubishi', 'Varica', '', 'P-UTruck', 2, 2, 'AT', '1200', 'White'),
('Mitsubishi', 'Veryca', '', 'P-UTruck', 5, 2, 'AT', '1300', 'White'),
('Mitsubishi', 'Virage', '', 'Sedan', 4, 5, 'AT', '1800', 'Black'),
('Mitsubishi', 'Zinger', '', 'Sedan', 5, 5, 'AT', '2400', 'Silver'),
('Nissan', '331', '', 'CompactCar', 5, 5, 'MT', '1600', 'Gray'),
('Nissan', '341', '', 'Sedan', 4, 5, 'MT', '1600', 'White'),
('Nissan', '350Z', '', 'Coupe', 5, 5, 'AT', '3500', 'Black'),
('Nissan', '370Z', '', 'Coupe', 2, 2, 'AT', '3700', 'Red'),
('Nissan', 'Altima', '', 'Sedan', 4, 5, 'AT', '2000', 'Gray'),
('Nissan', 'Bluebird', '', 'Sedan', 4, 5, 'AT', '2000', 'Purple'),
('Nissan', 'Cabstar', '', 'P-UTruck', 2, 3, 'AT', '2700', 'Silver'),
('Nissan', 'Cefiro', '', 'Sedan', 4, 5, 'AT', '2000', 'Black'),
('Nissan', 'Cube', '', 'Van', 4, 5, 'AT', '1800', 'Red'),
('Nissan', 'frontier', '', 'P-UTruck', 4, 5, 'AT', '4000', 'Black'),
('Nissan', 'Grand Livina', '', 'Crossover', 5, 7, 'AT', '1800', 'Black'),
('Nissan', 'GT-R', '', 'Coupe', 2, 4, 'AT', '3800', 'White'),
('Nissan', 'Juke', '', 'Sedan', 5, 5, 'AT', '1600', 'Red'),
('Nissan', 'Livina', '', 'Sedan', 4, 5, 'AT', '1600', 'White'),
('Nissan', 'March', '', 'Sedan', 5, 5, 'AT', '1500', 'White'),
('Nissan', 'MaXima', '', 'Sedan', 4, 5, 'AT', '3000', 'White'),
('Nissan', 'Murano', '', 'Sedan', 5, 5, 'AT', '3500', 'Black'),
('Nissan', 'Nissan Kicks', '', 'Sedan', 5, 5, 'AT', '1500', 'White'),
('Nissan', 'Pick up', '', 'P-UTruck', 4, 5, 'AT', '3300', 'Black'),
('Nissan', 'Quest', '', 'Crossover', 5, 7, 'AT', '3500', 'Silver'),
('Nissan', 'Rogue', '', 'Crossover', 5, 5, 'AT', '2500', 'Gray'),
('Nissan', 'Sentra', '', 'Sedan', 4, 5, 'AT', '1800', 'Gray'),
('Nissan', 'Serena QRV', '', 'Van', 5, 7, 'AT', '2500', 'White'),
('Nissan', 'Teana', '', 'Sedan', 4, 5, 'AT', '2000', 'White'),
('Nissan', 'Tiida', '', 'Sedan', 5, 5, 'AT', '1600', 'Red'),
('Nissan', 'Verita', '', 'Sedan', 5, 5, 'AT', '1300', 'White'),
('Nissan', 'X-Trail', '', 'Sedan', 5, 5, 'AT', '2500', 'Red'),
('Toyota', '4Runner', '', 'Jeep', 4, 5, 'AT', '4000', 'White'),
('Toyota', '86', '', 'Coupe', 2, 5, 'AT', '2000', 'White'),
('Toyota', 'Alphard', '', 'Van', 5, 7, 'AT', '3500', 'Black'),
('Toyota', 'AT2EPN', '', 'Sedan', 4, 5, 'AT', '1800', 'Black'),
('Toyota', 'Auris', '', 'Black', 5, 5, 'AT', '2000', 'White'),
('Toyota', 'C-HR', '', 'SUV', 5, 5, 'AT', '1200', 'White'),
('Toyota', 'Camry', '', 'Sedan', 4, 5, 'AT', '2000', 'Black'),
('Toyota', 'Camry Hybrid', '', 'Sedan', 4, 5, 'AT', '2500', 'Black'),
('Toyota', 'Celica', '', 'Coupe', 2, 4, 'AT', '2200', 'Black'),
('Toyota', 'Coaster', '', 'Bus', 3, 12, 'AT', '4000', 'White'),
('Toyota', 'Corolla', '', 'Sedan', 4, 5, 'AT', '1800', 'White'),
('Toyota', 'Corolla Altis', '', 'Sedan', 4, 5, 'AT', '1800', 'Black'),
('Toyota', 'corolla altis hybrid', '', 'Sedan', 4, 5, 'AT', '1800', 'Gray'),
('Toyota', 'Corolla Altis X', '', 'Sedan', 4, 5, 'AT', '1800', 'White'),
('Toyota', 'Corolla Cross', '', 'Sedan', 5, 5, 'AT', '1800', 'White'),
('Toyota', 'Corolla Sport', '', 'Sedan', 5, 5, 'AT', '2000', 'Black'),
('Toyota', 'Corona', '', 'Sedan', 5, 5, 'AT', '1800', 'White'),
('Toyota', 'Crown', '', 'Sedan', 4, 6, 'AT', '2600', 'White'),
('Toyota', 'Dyna', '', 'P-UTruck', 2, 3, 'AT', '3700', 'Blue'),
('Toyota', 'Granvia', '', 'Van', 5, 9, 'AT', '2800', 'Black'),
('Toyota', 'Hiace', '', 'Van', 5, 8, 'AT', '2700', 'Silver'),
('Toyota', 'HighLander', '', 'Van', 5, 8, 'AT', '2700', 'Gray'),
('Toyota', 'Hilux', '', 'P-UTruck ', 4, 5, 'AT', '2800', 'Orange'),
('Toyota', 'HINO', '', 'P-UTruck ', 2, 3, 'AT', '4000', 'White'),
('Toyota', 'Innova', '', 'Van', 5, 5, 'AT', '2000', 'Gray'),
('Toyota', 'IQ', '', 'CompactCar', 3, 4, 'AT', '1300', 'Black'),
('Toyota', 'Japan Camry Hybrid', '', 'Sedan', 4, 5, 'AT', '2500', 'Gray'),
('Toyota', 'Land Cruiser Prado', '', 'Van', 5, 7, 'AT', '4000', 'Gray'),
('Toyota', 'Premio', '', 'Sedan', 4, 5, 'AT', '1600', 'Black'),
('Toyota', 'Previa', '', 'Van', 5, 7, 'AT', '2400', 'Black'),
('Toyota', 'Prius', '', 'Sedan', 5, 5, 'AT', '1800', 'White'),
('Toyota', 'Prius c', '', 'Sedan', 5, 5, 'AT', '1500', 'White'),
('Toyota', 'Prius PHV', '', 'Sedan', 5, 5, 'AT', '1500', 'White'),
('Toyota', 'Prius α', '', 'Crossover', 5, 7, 'AT', '1800', 'White'),
('Toyota', 'RAV4', '', 'Crossover', 5, 5, 'AT', '2400', 'Black'),
('Toyota', 'Sienna', '', 'Crossover', 5, 7, 'AT', '3500', 'Black'),
('Toyota', 'Sienta', '', 'Crossover', 5, 7, 'AT', '1800', 'White'),
('Toyota', 'Supra', '', 'Coupe', 2, 2, 'AT', '2000', 'Gray'),
('Toyota', 'Tacoma', '', 'P-UTruck', 4, 4, 'AT', '3500', 'Red'),
('Toyota', 'Tercel', '', 'Sedan', 4, 5, 'AT', '1500', 'Green'),
('Toyota', 'Tundra', '', 'P-UTruck', 4, 5, 'AT', '5700', 'White'),
('Toyota', 'Vios', '', 'Sedan', 4, 5, 'AT', '1500', 'White'),
('Toyota', 'Wish', '', 'Crossover', 5, 7, 'AT', '2000', 'Blue'),
('Toyota', 'Yaris', '', 'Sedan', 5, 5, 'AT', '1500', 'Gray'),
('Toyota', 'Zace', '', 'Van', 4, 5, 'AT', '1800', 'Silver'),
('Volkswagen', 'Amarok', '', 'P-UTruck', 4, 5, 'AT', '3000', 'White'),
('Volkswagen', 'Beetle', '', 'CompactCar', 3, 4, 'AT', '1200', 'Red'),
('Volkswagen', 'Beetle 1.8T', '', 'Coupe', 2, 4, 'AT', '1800', 'White'),
('Volkswagen', 'Bora', '', 'Sedan', 4, 5, 'AT', '1600', 'White'),
('Volkswagen', 'Caddy', '', 'Van', 5, 7, 'AT', '1600', 'White'),
('Volkswagen', 'Caddy Pro', '', 'P-UTruck', 5, 7, 'AT', '1400', 'Gray'),
('Volkswagen', 'California', '', 'Van', 4, 5, 'AT', '2000', 'Gray'),
('Volkswagen', 'CC', '', 'Sedan', 4, 5, 'AT', '2000', 'Gray'),
('Volkswagen', 'Crafter', '', 'Van', 4, 9, 'AT', '2500', 'White'),
('Volkswagen', 'Eos', '', 'Sedan', 2, 2, 'AT', '2000', 'Black'),
('Volkswagen', 'Golf', '', 'Sedan', 4, 5, 'AT', '1200', 'Black'),
('Volkswagen', 'Golf GTI', '', 'Sedan', 5, 5, 'AT', '2000', 'White'),
('Volkswagen', 'Golf Plus', '', 'Sedan', 5, 5, 'AT', '1400', 'Black'),
('Volkswagen', 'Golf R', '', 'Sedan', 5, 5, 'AT', '2000', 'White'),
('Volkswagen', 'Golf R32', '', 'Sedan', 3, 5, 'AT', '3200', 'Black'),
('Volkswagen', 'Golf Variant', '', 'Sedan', 5, 5, 'AT', '1400', 'Blue'),
('Volkswagen', 'Jetta', '', 'Sedan', 4, 5, 'AT', '2000', 'Silver'),
('Volkswagen', 'Lupo', '', 'Sedan', 5, 4, 'AT', '1400', 'Blue'),
('Volkswagen', 'Lupo GTi', '', 'Sedan', 3, 5, 'AT', '1600', 'White'),
('Volkswagen', 'Passat', '', 'Sedan', 4, 5, 'AT', '2000', 'Gray'),
('Volkswagen', 'Passat CC', '', 'Sedan', 4, 5, 'AT', '2000', 'Gray'),
('Volkswagen', 'Passat Variant', '', 'Sedan', 5, 5, 'AT', '2000', 'Gray'),
('Volkswagen', 'Phaeton', '', 'Sedan', 4, 5, 'AT', '3000', 'Black'),
('Volkswagen', 'Pointer', '', 'P-UTruck', 2, 2, 'AT', '1800', 'White'),
('Volkswagen', 'Polo', '', 'Sedan', 5, 5, 'AT', '1400', 'Black'),
('Volkswagen', 'Polo GTI', '', 'Sedan', 5, 5, 'AT', '2000', 'Red'),
('Volkswagen', 'Scirocco', '', 'Sedan', 2, 5, 'AT', '1400', 'Blue'),
('Volkswagen', 'Scirocco R', '', 'Sedan', 3, 4, 'AT', '2000', 'Blue'),
('Volkswagen', 'Sharan', '', 'Crossover', 5, 7, 'AT', '2000', 'Black'),
('Volkswagen', 'Sportsvan', '', 'Sedan', 5, 5, 'AT', '1200', 'White'),
('Volkswagen', 'T-Cross', '', 'Sedan', 5, 5, 'AT', '1100', 'White'),
('Volkswagen', 'T4', '', 'Van', 5, 7, 'AT', '2800', 'Silver'),
('Volkswagen', 'T5', '', 'Van', 4, 9, 'AT', '2000', 'White'),
('Volkswagen', 'T5 Caravelle', '', 'Van', 5, 9, 'AT', '2000', 'Black'),
('Volkswagen', 'T5 Kombi', '', 'Van', 4, 9, 'AT', '2000', 'Black'),
('Volkswagen', 'T5 Multivan', '', 'Van', 5, 7, 'AT', '2000', 'Brown'),
('Volkswagen', 'T5 Shuttle', '', 'Van', 4, 7, 'AT', '1900', 'Black'),
('Volkswagen', 'T6', '', 'Van', 4, 9, 'AT', '2000', 'Black'),
('Volkswagen', 'T6 Caravelle', '', 'Van', 4, 9, 'AT', '2000', 'Silver'),
('Volkswagen', 'T6 Multivan', '', 'Van', 5, 7, 'AT', '2000', 'Black'),
('Volkswagen', 'Tiguan', '', 'Sedan', 5, 5, 'AT', '1400', 'White'),
('Volkswagen', 'Tiguan Allspace', '', 'Sedan', 5, 7, 'AT', '2000', 'White'),
('Volkswagen', 'Touareg', '', 'Sedan', 5, 5, 'AT', '3000', 'Blue'),
('Volkswagen', 'Touran', '', 'Crossover', 5, 7, 'AT', '1600', 'White'),
('Volkswagen', 'Vento', '', 'Sedan', 4, 5, 'AT', '1600', 'White'),
('Volkswagen', 'Vento HL', '', 'Sedan', 4, 5, 'AT', '1600', 'White'),
('Volvo', '240', '', 'Sedan', 4, 5, 'MT', '2000', 'Black'),
('Volvo', '850', '', 'Sedan', 5, 5, 'AT', '2000', 'Red'),
('Volvo', 'C30', '', 'CompactCar', 3, 3, 'AT', '2000', 'Red'),
('Volvo', 'S40', '', 'Sedan', 4, 5, 'AT', '2000', 'White'),
('Volvo', 'S60', '', 'Sedan', 4, 5, 'AT', '2000', 'Black'),
('Volvo', 'S80', '', 'Sedan', 4, 5, 'AT', '2000', 'Black'),
('Volvo', 'S90', '', 'Sedan', 4, 5, 'AT', '2000', 'Blue'),
('Volvo', 'V40', '', 'Crossover', 5, 5, 'AT', '1500', 'Black'),
('Volvo', 'V40 Cross Country', '', 'Sedan', 5, 5, 'AT', '2000', 'Black'),
('Volvo', 'V50', '', 'Sedan', 5, 5, 'AT', '2000', 'Silver'),
('Volvo', 'V60', '', 'Sedan', 5, 5, 'AT', '2000', 'Silver'),
('Volvo', 'V60 Cross Country', '', 'Sedan', 5, 5, 'AT', '2000', 'White'),
('Volvo', 'V90', '', 'Sedan', 5, 5, 'AT', '2000', 'Black'),
('Volvo', 'V90 Cross Country', '', 'Sedan', 5, 5, 'AT', '2000', 'Black'),
('Volvo', 'Volvo XC40', '', 'Sedan', 5, 5, 'AT', '2000', 'Black'),
('Volvo', 'XC60', '', 'Sedan', 5, 5, 'AT', '2000', 'Gray'),
('Volvo', 'XC70', '', 'Van', 5, 5, 'AT', '2400', 'Gray'),
('Volvo', 'XC90', '', 'Van', 5, 7, 'AT', '2000', 'Gray');

-- --------------------------------------------------------

--
-- 資料表結構 `orderform`
--

CREATE TABLE `orderform` (
  `OrderID` int(10) NOT NULL,
  `OrderDate` datetime NOT NULL,
  `LicensePlate` varchar(7) NOT NULL,
  `BuyerID` varchar(12) NOT NULL,
  `CarDealerID` varchar(12) NOT NULL
) ENGINE=InnoDB DEFAULT CHARSET=utf8mb4;

--
-- 傾印資料表的資料 `orderform`
--

INSERT INTO `orderform` (`OrderID`, `OrderDate`, `LicensePlate`, `BuyerID`, `CarDealerID`) VALUES
(1, '2020-11-16 00:00:00', 'ABCDE12', 'ph444', '47826'),
(2, '2020-12-16 00:08:41', 'JTC6002', 'Falco', '47862'),
(3, '2020-12-21 02:24:41', 'JTA6790', 'KennyR', '22374'),
(4, '2020-12-22 13:22:14', 'QWE9487', 'RenaLove', '88888'),
(5, '2020-12-23 00:00:00', 'ABCDE13', 'ph444', '47826'),
(6, '2020-12-24 00:00:00', 'ABCDE14', 'ph444', '47826'),
(7, '2020-12-24 00:00:00', 'ABCDE15', 'ph444', '47826'),
(8, '2020-12-25 00:00:00', 'ABCDE16', 'ph444', '47826'),
(9, '2020-12-26 00:00:00', 'ABCDE17', 'ph444', '47826'),
(10, '2021-01-04 00:36:41', 'ACB9987', 'ph444', '59094'),
(11, '2021-01-04 00:36:41', 'ABCDE18', 'ph444', '59094'),
(12, '2021-01-04 00:36:41', 'ABCDE19', 'ph444', '59094'),
(13, '2021-01-04 00:36:41', 'ABCDE20', 'ph444', '59094'),
(14, '2021-01-04 00:36:41', 'ABCDE24', 'ph444', '59094'),
(15, '2021-01-04 00:36:41', 'ABCDE26', 'ph444', '59094');

-- --------------------------------------------------------

--
-- 資料表結構 `record`
--

CREATE TABLE `record` (
  `RecordID` int(10) NOT NULL,
  `RecordDate` date NOT NULL,
  `OrderID` int(10) NOT NULL,
  `BuyerCreditRating` int(10) NOT NULL,
  `CDCreditRating` int(10) NOT NULL
) ENGINE=InnoDB DEFAULT CHARSET=utf8mb4;

--
-- 傾印資料表的資料 `record`
--

INSERT INTO `record` (`RecordID`, `RecordDate`, `OrderID`, `BuyerCreditRating`, `CDCreditRating`) VALUES
(2, '2020-12-16', 2, 80, 90),
(3, '2020-12-21', 3, 50, 70),
(4, '2020-12-23', 4, 60, 70),
(5, '2020-12-27', 1, 70, 80),
(6, '2020-12-28', 5, 75, 87),
(7, '2020-12-28', 6, 69, 50),
(8, '2020-12-28', 7, 70, 80),
(9, '2020-12-29', 8, 45, 60),
(10, '2020-12-29', 9, 87, 65),
(11, '2020-12-29', 10, 78, 89),
(12, '2020-12-29', 11, 21, 20),
(13, '2020-12-30', 12, 56, 67),
(14, '2021-01-04', 13, 45, 58),
(15, '2021-01-04', 14, 65, 71),
(16, '2021-01-04', 15, 84, 58);

-- --------------------------------------------------------

--
-- 資料表結構 `salescar`
--

CREATE TABLE `salescar` (
  `LicensePlate` varchar(7) NOT NULL,
  `CarDealerID` varchar(12) NOT NULL,
  `Brand` varchar(20) NOT NULL,
  `CarType` varchar(20) NOT NULL,
  `CarStyle` varchar(20) NOT NULL,
  `CarAge` int(10) NOT NULL,
  `Region` varchar(10) NOT NULL,
  `Price` int(10) NOT NULL
) ENGINE=InnoDB DEFAULT CHARSET=utf8mb4;

--
-- 傾印資料表的資料 `salescar`
--

INSERT INTO `salescar` (`LicensePlate`, `CarDealerID`, `Brand`, `CarType`, `CarStyle`, `CarAge`, `Region`, `Price`) VALUES
('ACB9987', '59094', 'Lamborghini', 'LP560-4', '', 2009, 'Taipei', 5000000),
('AD1899', '22374', 'BMW', '1', '120d', 2001, 'Chiayi', 210000),
('AF8024', '29030', 'Volkswagen', 'T6 Multivan', '', 2003, 'Changhua', 870000),
('AF8145', '25403', 'Volvo', 'V50', '', 2001, 'Taoyuan', 250000),
('AF9109', '88888', 'Lexus', 'IS200t', '', 2010, 'NewTaipei', 250000),
('AI4741', '78990', 'BMW', '5', '535xi', 2008, 'Yunlin', 130000),
('AI6610', '29030', 'BMW', '1', '118d', 2003, 'Changhua', 1250000),
('AJ2448', '59094', 'BMW', '5', '530d M Sport', 2008, 'Taipei', 1610000),
('AL7026', '25403', 'BMW', '5', '530d', 2003, 'Taoyuan', 410000),
('AN1335', '29738', 'Lexus', 'LS500h', '', 2006, 'Nantou', 1120000),
('AO8349', '59094', 'BMW', 'Alpina', 'Alpina B3', 2003, 'Taipei', 910000),
('AP2908', '88888', 'BMW', '7', '730i', 2000, 'NewTaipei', 390000),
('AP9843', '25403', 'Audi', 'S7 Sportback', '', 2006, 'Taoyuan', 1590000),
('AS8990', '59094', 'Hyundai', 'Verna', '', 2003, 'Taipei', 750000),
('ASD6792', '47826', 'Mazda', 'CX-3', '', 2003, 'Tainan', 200000),
('ASD6793', '78990', 'Mazda', 'CX-30', '', 2003, 'Yunlin', 600000),
('AT4625', '29738', 'Mitsubishi', 'Lancer Fortis', '', 2000, 'Nantou', 1530000),
('AT7466', '22374', 'BMW', '3', '318i', 2001, 'Chiayi', 1460000),
('ATA1111', '25403', 'Mitsubishi', 'Boss Zinger', '', 2003, 'Taoyuan', 180000),
('ATA1234', '29030', 'Mitsubishi', '30000GT', '', 2003, 'Changhua', 200000),
('ATA3425', '59094', 'Mitsubishi', 'ASX', '', 2003, 'Taipei', 400000),
('ATA6792', '47826', 'Mercedes', 'A', 'A190', 2003, 'Tainan', 900000),
('ATA6793', '78990', 'Mercedes', 'A', 'A200', 2003, 'Yunlin', 800000),
('ATA6794', '29030', 'Mercedes', 'A', 'A220', 2003, 'Changhua', 880000),
('ATA6795', '59094', 'Mercedes', 'A', 'A250', 2003, 'Taipei', 790000),
('ATA6797', '47826', 'Mercedes', 'A', 'A45S AMG', 2003, 'Tainan', 860000),
('ATA6799', '29030', 'Mercedes', 'AMG GT', 'AMG GT', 2003, 'Changhua', 9000000),
('ATA6803', '88888', 'Mercedes', 'B', 'B170', 2003, 'NewTaipei', 628000),
('ATC6792', '47826', 'Mercedes', 'B', 'B200', 2003, 'Tainan', 765000),
('ATC6797', '47826', 'Mercedes', 'C', 'C200 Cabrio', 2003, 'Tainan', 530000),
('AU8943', '88888', 'BMW', '7', '745Li', 2009, 'NewTaipei', 1420000),
('AU9336', '22374', 'Hyundai', 'Sonata', '', 2009, 'Chiayi', 150000),
('AW1541', '22374', 'Ford', 'EcoSport', '', 2001, 'Chiayi', 2000000),
('AY6834', '25403', 'BMW', 'Alpina', 'Alpina B5', 2009, 'Taoyuan', 200000),
('AY6921', '22374', 'BMW', '1', '123d', 2001, 'Chiayi', 1350000),
('BC3889', '59094', 'Hyundai', 'Starex', '', 2001, 'Taipei', 860000),
('BE3911', '47826', 'Ford', 'Freestar', '', 2001, 'Tainan', 1290000),
('BG5315', '47826', 'Volvo', 'C30', '', 2000, 'Tainan', 530000),
('BJ8272', '25403', 'Volkswagen', 'Caddy', '', 2003, 'Taoyuan', 1970000),
('BK8817', '22374', 'Mercedes', 'C', 'C230', 2003, 'Chiayi', 1190000),
('BM5374', '47826', 'Honda', 'Fit', '', 2000, 'Tainan', 1160000),
('BM8844', '59094', 'Volvo', 'S90', '', 2010, 'Taipei', 150000),
('BO6217', '29738', 'Hyundai', 'Santa Fe', '', 2000, 'Nantou', 590000),
('BO6397', '29738', 'BMW', '4', '428i M Sport', 2009, 'Nantou', 770000),
('BT5161', '88888', 'Mazda', 'MX-5', '', 2002, 'NewTaipei', 1920000),
('BU4256', '25403', 'Ford', 'Escort', '', 2004, 'Taoyuan', 810000),
('BV2228', '22374', 'BMW', 'i', 'i3', 2008, 'Chiayi', 450000),
('BW1854', '22374', 'BMW', '5', 'M550i', 2005, 'Chiayi', 1930000),
('BX4624', '22374', 'Ford', 'Ford', '', 2004, 'Chiayi', 1300000),
('CA3183', '25403', 'BMW', '7', '730Ld', 2001, 'Taoyuan', 230000),
('CB2574', '88888', 'BMW', '4', '428i', 2007, 'NewTaipei', 1540000),
('CB3972', '22374', 'Mercedes', 'C', 'C300', 2003, 'Chiayi', 1730000),
('CB4338', '88888', 'Volkswagen', 'Passat CC', '', 2004, 'NewTaipei', 770000),
('CC5491', '25403', 'Nissan', 'Grand Livina', '', 2005, 'Taoyuan', 1830000),
('CD6427', '78990', 'Nissan', 'Sentra', '', 2004, 'Yunlin', 950000),
('CD9472', '22374', 'BMW', '5', '530i M Sport', 2001, 'Chiayi', 470000),
('CE1143', '59094', 'Lexus', 'LC500', '', 2009, 'Taipei', 1340000),
('CG8776', '22374', 'Mercedes', 'A', 'A45 AMG', 2006, 'Chiayi', 550000),
('CH8382', '29030', 'BMW', '7', '750Li Luxury', 2002, 'Changhua', 1150000),
('CI2762', '59094', 'Mitsubishi', 'Canter', '', 2001, 'Taipei', 450000),
('CI5424', '29030', 'Ford', 'Fiesta', '', 2003, 'Changhua', 200000),
('CI8836', '47826', 'Volkswagen', 'Passat', '', 2008, 'Tainan', 830000),
('CJ1755', '47826', 'Audi', 'S3 Sportback', '', 2010, 'Tainan', 670000),
('CJ8369', '29738', 'BMW', '2', '220d', 2003, 'Nantou', 1220000),
('CJ9508', '47826', 'BMW', '3', '330i', 2010, 'Tainan', 1840000),
('CJ9610', '88888', 'Mitsubishi', 'Lancer', '', 2003, 'NewTaipei', 500000),
('CM3476', '47826', 'Nissan', 'Cabstar', '', 2000, 'Tainan', 1010000),
('CM6892', '29738', 'Mitsubishi', 'Eclipse Cross', '', 2006, 'Nantou', 1920000),
('CN3292', '25403', 'Toyota', 'HINO', '', 2000, 'Taoyuan', 1640000),
('CN7312', '59094', 'Honda', 'Civic', '', 2010, 'Taipei', 130000),
('CO2110', '88888', 'Toyota', 'Prius', '', 2008, 'NewTaipei', 210000),
('CP9923', '88888', 'Ford', 'F-150', '', 2007, 'NewTaipei', 260000),
('CS1501', '25403', 'Volkswagen', 'Amarok', '', 2000, 'Taoyuan', 780000),
('CS5569', '88888', 'Audi', 'A3 5D', '', 2000, 'NewTaipei', 580000),
('CX2796', '59094', 'Volvo', 'S60', '', 2007, 'Taipei', 910000),
('CY8967', '25403', 'Hyundai', 'Coupe', '', 2000, 'Taoyuan', 600000),
('CZ4933', '78990', 'Hyundai', 'i30', '', 2002, 'Yunlin', 270000),
('DB4493', '88888', 'BMW', '2', '220i', 2009, 'NewTaipei', 290000),
('DC8656', '25403', 'Honda', 'Insight Hybrid', '', 2007, 'Taoyuan', 1320000),
('DH6976', '22374', 'Mercedes', 'C', 'C240', 2004, 'Chiayi', 370000),
('DI5512', '29738', 'Volvo', 'V40 Cross Country', '', 2002, 'Nantou', 1510000),
('DI9085', '78990', 'Mitsubishi', 'Delica貨車', '', 2005, 'Yunlin', 1430000),
('DK7354', '29030', 'Honda', 'HR-V', '', 2001, 'Changhua', 1600000),
('DK9388', '59094', 'BMW', '3', '316i', 2000, 'Taipei', 540000),
('DM4437', '78990', 'Volkswagen', 'Golf R32', '', 2007, 'Yunlin', 720000),
('DP8830', '88888', 'Volvo', 'Volvo XC40', '', 2003, 'NewTaipei', 150000),
('DR3826', '22374', 'BMW', '3', '340i', 2000, 'Chiayi', 470000),
('DU4634', '88888', 'Volkswagen', 'T6 Caravelle', '', 2005, 'NewTaipei', 870000),
('DU5889', '29030', 'Mercedes', 'AMG GT', 'AMG GT63S', 2003, 'Changhua', 440000),
('DV1232', '29738', 'Mitsubishi', 'Grand Lancer', '', 2010, 'Nantou', 1650000),
('DW1845', '59094', 'Audi', 'A5', '', 2007, 'Taipei', 470000),
('DX2548', '29030', 'Mitsubishi', 'Colt Plus', '', 2000, 'Changhua', 1490000),
('DX4587', '29738', 'Hyundai', 'Lavita', '', 2007, 'Nantou', 870000),
('DY6672', '78990', 'Volkswagen', 'Touareg', '', 2006, 'Yunlin', 760000),
('DY9629', '47826', 'Audi', 'R8 Spyder', '', 2009, 'Tainan', 1550000),
('DZ7752', '88888', 'BMW', '7', '728i', 2001, 'NewTaipei', 950000),
('EA3807', '78990', 'Mazda', 'Premacy', '', 2002, 'Yunlin', 1930000),
('ED5517', '25403', 'Audi', 'RS 4', '', 2009, 'Taoyuan', 570000),
('EE9150', '59094', 'Ford', 'Mondeo', '', 2001, 'Taipei', 920000),
('EF3418', '47826', 'Nissan', '350Z', '', 2010, 'Tainan', 1560000),
('EH8914', '88888', 'Mitsubishi', 'Outlander', '', 2007, 'NewTaipei', 1920000),
('EI1128', '29030', 'Honda', 'Accord', '', 2008, 'Changhua', 680000),
('EN6457', '29030', 'BMW', '4', '435i', 2009, 'Changhua', 1650000),
('EO4136', '78990', 'BMW', '3', '328i GT', 2009, 'Yunlin', 1520000),
('ER5746', '29030', 'Nissan', '331', '', 2009, 'Changhua', 1290000),
('ER7380', '47826', 'Hyundai', 'Matrix', '', 2001, 'Tainan', 330000),
('EV7378', '22374', 'Audi', 'R8 Coupe', '', 2009, 'Chiayi', 680000),
('EX1366', '78990', 'Nissan', 'X-Trail', '', 2000, 'Yunlin', 730000),
('EX5201', '59094', 'Mazda', 'CX-9', '', 2004, 'Taipei', 510000),
('EZ4448', '88888', 'Audi', 'Q5', '', 2002, 'NewTaipei', 1120000),
('EZ7116', '47826', 'Toyota', 'Yaris', '', 2008, 'Tainan', 1470000),
('FA4611', '29738', 'Volkswagen', 'Passat Variant', '', 2002, 'Nantou', 720000),
('FB1332', '47826', 'Hyundai', 'Kona', '', 2009, 'Tainan', 1090000),
('FE5684', '25403', 'BMW', '3', '320d GT', 2009, 'Taoyuan', 1640000),
('FE6649', '29030', 'Volkswagen', 'Scirocco', '', 2003, 'Changhua', 610000),
('FF5887', '22374', 'Nissan', 'Serena QRV', '', 2009, 'Chiayi', 1880000),
('FJ6181', '78990', 'BMW', '5', '540i M Sport', 2002, 'Yunlin', 1510000),
('FK1180', '29738', 'Volkswagen', 'T-Cross', '', 2002, 'Nantou', 230000),
('FK4299', '59094', 'Volkswagen', 'Golf Plus', '', 2005, 'Taipei', 620000),
('FM8905', '47826', 'Volvo', 'V60', '', 2010, 'Tainan', 1030000),
('FO3671', '25403', 'Nissan', 'Cube', '', 2007, 'Taoyuan', 310000),
('FR2651', '47826', 'Volkswagen', 'Golf Variant', '', 2003, 'Tainan', 1490000),
('FV1034', '47826', 'Mazda', 'Mazda5', '', 2010, 'Tainan', 1770000),
('FV1861', '59094', 'Lexus', 'SC430', '', 2001, 'Taipei', 1730000),
('FZ5399', '47826', 'Mazda', 'Mazda6', '', 2006, 'Tainan', 1500000),
('GC2015', '29030', 'Toyota', 'HighLander', '', 2000, 'Changhua', 500000),
('GC8799', '78990', 'Lamborghini', 'Urus', '', 2005, 'Yunlin', 15920000),
('GD9833', '25403', 'Toyota', 'Premio', '', 2007, 'Taoyuan', 990000),
('GE4853', '59094', 'Honda', 'CR-Z', '', 2006, 'Taipei', 1390000),
('GF3395', '88888', 'Mercedes', 'C', 'C63 AMG', 2007, 'NewTaipei', 1570000),
('GF4203', '25403', 'Ford', 'Explorer', '', 2008, 'Taoyuan', 650000),
('GH1124', '29030', 'Mercedes', 'C', 'C250 Estate', 2000, 'Changhua', 320000),
('GH4354', '25403', 'Audi', 'RS 6', '', 2004, 'Taoyuan', 460000),
('GJ9199', '22374', 'BMW', '7', 'ActiveHybrid 7', 2008, 'Chiayi', 1480000),
('GM7514', '59094', 'Mazda', 'Mazda6 Wagon', '', 2006, 'Taipei', 240000),
('GM8171', '22374', 'Honda', 'K6', '', 2007, 'Chiayi', 1930000),
('GN4326', '22374', 'BMW', '1', '135i', 2005, 'Chiayi', 600000),
('GN5728', '59094', 'BMW', '3', '325ci', 2002, 'Taipei', 1090000),
('GN6614', '78990', 'Toyota', 'Prius α', '', 2005, 'Yunlin', 1470000),
('GN7307', '88888', 'Lamborghini', 'LP550-2', '', 2004, 'NewTaipei', 17930000),
('GP4888', '88888', 'Lexus', 'NX250t', '', 2008, 'NewTaipei', 1350000),
('GR4053', '22374', 'Lexus', 'RX350L', '', 2000, 'Chiayi', 1240000),
('GS9116', '25403', 'Volkswagen', 'Vento', '', 2010, 'Taoyuan', 1040000),
('GU8008', '25403', 'Mercedes', 'C', 'C250', 2000, 'Taoyuan', 1580000),
('GV2081', '59094', 'BMW', 'i', 'i8 Coupe', 2009, 'Taipei', 730000),
('GX7923', '29030', 'Nissan', 'Verita', '', 2007, 'Changhua', 1880000),
('GZ2098', '22374', 'Audi', 'A1 Sportback', '', 2008, 'Chiayi', 1960000),
('GZ7009', '25403', 'Audi', 'A6 Allroad', '', 2000, 'Taoyuan', 1130000),
('HA6881', '25403', 'Toyota', 'corolla altis hybrid', '', 2000, 'Taoyuan', 1160000),
('HC5748', '47826', 'BMW', '3', '320i Sport Line', 2004, 'Tainan', 380000),
('HJ8914', '25403', 'Hyundai', 'Elantra', '', 2004, 'Taoyuan', 450000),
('HK9167', '47826', 'Mercedes', 'AMG GT', 'AMG GT53', 2004, 'Tainan', 830000),
('HL1903', '22374', 'Lexus', 'LM300h', '', 2006, 'Chiayi', 210000),
('HN3491', '78990', 'Volkswagen', 'T5 Multivan', '', 2001, 'Yunlin', 1970000),
('HN7223', '22374', 'Honda', 'S2000', '', 2006, 'Chiayi', 680000),
('HO7366', '88888', 'Ford', 'Econoline', '', 2004, 'NewTaipei', 490000),
('HP6291', '29738', 'BMW', '7', '750i xDrive Luxury', 2005, 'Nantou', 1100000),
('HQ5221', '22374', 'BMW', '8', '840i M Sport', 2009, 'Chiayi', 1490000),
('HR2219', '59094', 'Audi', 'A4 Avant', '', 2000, 'Taipei', 260000),
('HR8049', '88888', 'Mercedes', 'C', 'C350', 2001, 'NewTaipei', 1140000),
('HR9018', '29738', 'Mercedes', 'C', 'C300 Estate', 2006, 'Nantou', 1580000),
('HS3144', '78990', 'Volvo', '240', '', 2002, 'Yunlin', 1740000),
('HT2304', '78990', 'Mercedes', 'C', 'C200 Estate', 2001, 'Yunlin', 1860000),
('HU5307', '59094', 'BMW', '5', '535i GT', 2006, 'Taipei', 1240000),
('HW4199', '59094', 'Audi', 'A8L', '', 2007, 'Taipei', 1780000),
('HW4633', '22374', 'Toyota', 'Corolla Altis X', '', 2006, 'Chiayi', 1980000),
('HZ3765', '25403', 'BMW', '5', '530i Luxury', 2002, 'Taoyuan', 1730000),
('HZ5177', '29030', 'Toyota', 'Corolla Cross', '', 2003, 'Changhua', 450000),
('IA3309', '88888', 'Hyundai', 'i30 CW', '', 2004, 'NewTaipei', 1760000),
('IC4050', '47826', 'Audi', 'TTRS', '', 2010, 'Tainan', 620000),
('ID9025', '78990', 'Mazda', 'Isamu', '', 2005, 'Yunlin', 1180000),
('IM3850', '29738', 'BMW', '3', '335i', 2003, 'Nantou', 1090000),
('IM7326', '29030', 'Toyota', 'Alphard', '', 2009, 'Changhua', 510000),
('IP2013', '29030', 'Volkswagen', 'California', '', 2001, 'Changhua', 1280000),
('IQ4312', '47826', 'Nissan', '341', '', 2004, 'Tainan', 750000),
('IQ5124', '47826', 'Volvo', '850', '', 2002, 'Tainan', 270000),
('IR2877', '29030', 'Mazda', 'Mazda323', '', 2008, 'Changhua', 190000),
('IS9885', '59094', 'BMW', '2', '218i', 2007, 'Taipei', 1450000),
('IT1740', '22374', 'BMW', 'Alpina', 'Alpina B6', 2010, 'Chiayi', 1030000),
('IU9396', '47826', 'BMW', '5', '523i', 2003, 'Tainan', 160000),
('IV2972', '29030', 'BMW', '7', '735Li', 2002, 'Changhua', 670000),
('IV4301', '88888', 'BMW', '6', '630i', 2000, 'NewTaipei', 1620000),
('IV5903', '47826', 'Nissan', 'March', '', 2004, 'Tainan', 1400000),
('IX2630', '29738', 'Nissan', 'Quest', '', 2008, 'Nantou', 300000),
('JA4691', '29738', 'BMW', '5', '540i xDrive', 2003, 'Nantou', 1300000),
('JC1544', '25403', 'BMW', '3', '335ci', 2008, 'Taoyuan', 540000),
('JC3146', '78990', 'Mercedes', 'C', 'C43 AMG', 2001, 'Yunlin', 320000),
('JC5126', '25403', 'Honda', 'CV4', '', 2004, 'Taoyuan', 1340000),
('JD2168', '25403', 'Mitsubishi', 'Pajero', '', 2006, 'Taoyuan', 400000),
('JG5933', '22374', 'Ford', 'Tierra', '', 2009, 'Chiayi', 920000),
('JH1900', '59094', 'Ford', 'Windstar', '', 2001, 'Taipei', 600000),
('JJ1036', '29738', 'Volvo', 'S80', '', 2009, 'Nantou', 270000),
('JJ7349', '25403', 'Mercedes', 'AMG GT', 'AMG GT43', 2009, 'Taoyuan', 1100000),
('JJJ8888', '88888', 'Mercedes', 'C', 'C200d', 2020, 'NewTaipei', 0),
('JK2087', '29738', 'BMW', '5', '528i M Sport', 2006, 'Nantou', 760000),
('JK2992', '25403', 'BMW', '7', '730i Luxury', 2003, 'Taoyuan', 1880000),
('JP3687', '47826', 'BMW', '4', '430i', 2007, 'Tainan', 890000),
('JR7218', '88888', 'BMW', '1', '120iA', 2002, 'NewTaipei', 1920000),
('JS3559', '78990', 'BMW', '3', 'ActiveHybrid 3', 2002, 'Yunlin', 1360000),
('JS9331', '29738', 'BMW', 'i', 'i3s', 2010, 'Nantou', 1510000),
('JTA6790', '22374', 'Ford', 'i-Max', '', 2003, 'Chiayi', 1810000),
('JTC6002', '47826', 'Honda', 'Civic CV3', '', 2003, 'Tainan', 270000),
('JU1878', '22374', 'Toyota', 'AT2EPN', '', 2001, 'Chiayi', 1220000),
('JY7595', '25403', 'Nissan', 'Teana', '', 2010, 'Taoyuan', 1890000),
('JZ4996', '22374', 'BMW', '3', 'M340i xDrive', 2008, 'Chiayi', 1300000),
('JZ5543', '22374', 'Mercedes', 'B', 'B180', 2004, 'Chiayi', 670000),
('KB7185', '88888', 'Mazda', 'Mazda3', '', 2006, 'NewTaipei', 360000),
('KC7600', '47826', 'Volkswagen', 'Crafter', '', 2010, 'Tainan', 190000),
('KD4014', '29030', 'Toyota', 'Corolla Sport', '', 2009, 'Changhua', 350000),
('KG6971', '88888', 'Nissan', 'Altima', '', 2001, 'NewTaipei', 1790000),
('KH9075', '88888', 'Ford', 'Econovan', '', 2005, 'NewTaipei', 500000),
('KI3620', '25403', 'Mazda', 'Tribute', '', 2010, 'Taoyuan', 1450000),
('KI4903', '47826', 'BMW', '2', '220i M Sport', 2006, 'Tainan', 1890000),
('KJ8259', '47826', 'Mitsubishi', 'Lancer Sportback', '', 2003, 'Tainan', 1930000),
('KT1639', '59094', 'Honda', 'Odyssey', '', 2006, 'Taipei', 1280000),
('KV3291', '29030', 'Mitsubishi', 'Fuso', '', 2009, 'Changhua', 460000),
('KW6928', '29030', 'Toyota', 'Zace', '', 2002, 'Changhua', 1100000),
('KY8458', '47826', 'Mercedes', 'C', 'C200K', 2003, 'Tainan', 230000),
('LB1277', '88888', 'Hyundai', 'ix35', '', 2010, 'NewTaipei', 1050000),
('LD9091', '29738', 'Lamborghini', 'Huracan', '', 2002, 'Nantou', 12570000),
('LE2998', '88888', 'BMW', '5', '520iA', 2010, 'NewTaipei', 1750000),
('LI6920', '59094', 'Lamborghini', 'Gallardo', '', 2007, 'Taipei', 10840000),
('LI7556', '88888', 'Audi', 'A7 Sportback', '', 2010, 'NewTaipei', 920000),
('LJ8873', '78990', 'Nissan', 'Cefiro', '', 2000, 'Yunlin', 1580000),
('LM4233', '22374', 'Toyota', 'Sienta', '', 2000, 'Chiayi', 1590000),
('LN6029', '59094', 'Toyota', 'C-HR', '', 2007, 'Taipei', 1990000),
('LO6459', '29030', 'Volkswagen', 'Polo GTI', '', 2005, 'Changhua', 350000),
('LU8630', '29738', 'BMW', '5', 'M550D xDrive', 2000, 'Nantou', 1080000),
('LV4932', '47826', 'BMW', '1', '118iEditionSport', 2009, 'Tainan', 670000),
('LW7522', '47826', 'Mitsubishi', 'Grunder', '', 2008, 'Tainan', 1770000),
('LZ5782', '88888', 'Lexus', 'LX570', '', 2002, 'NewTaipei', 540000),
('MA9566', '25403', 'Mercedes', 'C', 'C32T AMG', 2005, 'Taoyuan', 1370000),
('MB4558', '47826', 'Mitsubishi', 'Varica', '', 2006, 'Tainan', 890000),
('MC9427', '59094', 'BMW', '5', '525i M Sport', 2001, 'Taipei', 440000),
('MD4068', '25403', 'BMW', '3', '335i GT', 2006, 'Taoyuan', 1360000),
('MF2688', '29738', 'Audi', 'A5 Coupe', '', 2008, 'Nantou', 1310000),
('MF4571', '22374', 'Audi', 'A6 Avant', '', 2008, 'Chiayi', 1680000),
('MF6792', '59094', 'Volkswagen', 'T4', '', 2006, 'Taipei', 1550000),
('MG3112', '29738', 'BMW', '3', '320i GT', 2010, 'Nantou', 1870000),
('MJ8688', '22374', 'Volkswagen', 'Golf GTI', '', 2004, 'Chiayi', 960000),
('MK5604', '29738', 'Mitsubishi', 'Magic', '', 2010, 'Nantou', 190000),
('MP7389', '25403', 'Hyundai', 'Veloster', '', 2007, 'Taoyuan', 940000),
('MS5616', '47826', 'BMW', '3', '323i', 2006, 'Tainan', 1480000),
('MS8570', '22374', 'Mitsubishi', 'Eclipse', '', 2004, 'Chiayi', 960000),
('MS9480', '78990', 'Mitsubishi', 'LEADCA', '', 2004, 'Yunlin', 1120000),
('MS9885', '59094', 'Nissan', 'Livina', '', 2009, 'Taipei', 1460000),
('MT1781', '22374', 'BMW', '5', '535i', 2009, 'Chiayi', 1030000),
('MV1929', '47826', 'BMW', '3', '323ci', 2003, 'Tainan', 560000),
('MV7716', '29030', 'BMW', '5', '535d', 2005, 'Changhua', 1140000),
('MW4232', '59094', 'Mercedes', 'C', 'C450', 2004, 'Taipei', 1200000),
('MW4467', '78990', 'Mercedes', 'C', 'C32 AMG', 2006, 'Yunlin', 1370000),
('NA2524', '22374', 'Toyota', 'RAV4', '', 2006, 'Chiayi', 1220000),
('NA2583', '88888', 'Toyota', 'Hiace', '', 2000, 'NewTaipei', 1500000),
('NA4632', '29030', 'BMW', '5', '528i GT', 2004, 'Changhua', 880000),
('ND4230', '29738', 'Audi', 'A1', '', 2009, 'Nantou', 1990000),
('ND9934', '22374', 'Mercedes', 'C', 'C280', 2005, 'Chiayi', 1860000),
('NG8725', '88888', 'Hyundai', 'Getz', '', 2009, 'NewTaipei', 1990000),
('NI9224', '25403', 'Toyota', 'IQ', '', 2000, 'Taoyuan', 110000),
('NJ2494', '22374', 'BMW', '7', '750i', 2009, 'Chiayi', 460000),
('NJ4096', '59094', 'Volkswagen', 'Phaeton', '', 2002, 'Taipei', 250000),
('NK4996', '88888', 'Mazda', 'MPV', '', 2009, 'NewTaipei', 260000),
('NL1775', '47826', 'Nissan', 'frontier', '', 2009, 'Tainan', 1360000),
('NL9786', '25403', 'Mazda', 'Mazda2', '', 2003, 'Taoyuan', 1950000),
('NO3578', '59094', 'BMW', '3', '320i M Sport', 2005, 'Taipei', 1600000),
('NS4979', '88888', 'Audi', 'A7', '', 2006, 'NewTaipei', 1850000),
('NT1164', '29030', 'BMW', '6', '650i', 2010, 'Changhua', 370000),
('NU7984', '29738', 'BMW', '5', '520i Touring', 2002, 'Nantou', 720000),
('NU8170', '29030', 'Toyota', 'Tundra', '', 2005, 'Changhua', 1490000),
('NV7084', '29738', 'BMW', 'i', 'i3s REx', 2002, 'Nantou', 1950000),
('NV9309', '47826', 'Volkswagen', 'Eos', '', 2000, 'Tainan', 200000),
('NX3017', '29738', 'BMW', '7', '760Li', 2005, 'Nantou', 1550000),
('NX8362', '78990', 'Toyota', 'Innova', '', 2006, 'Yunlin', 190000),
('NX8615', '59094', 'BMW', '6', '645Ci', 2003, 'Taipei', 1080000),
('NY6469', '59094', 'Honda', 'City', '', 2002, 'Taipei', 1570000),
('NZ6608', '88888', 'Volvo', 'XC60', '', 2000, 'NewTaipei', 1090000),
('OB9437', '88888', 'Nissan', '370Z', '', 2009, 'NewTaipei', 1250000),
('OC5588', '25403', 'Mercedes', 'C', 'C200K Estate', 2007, 'Taoyuan', 1550000),
('OC9020', '59094', 'Mitsubishi', 'Minicab', '', 2003, 'Taipei', 680000),
('OJ2581', '22374', 'Audi', 'SQ5', '', 2001, 'Chiayi', 1620000),
('OK9776', '47826', 'Toyota', 'Corolla', '', 2010, 'Tainan', 1890000),
('OL2111', '22374', 'BMW', '5', '535i M Sport', 2004, 'Chiayi', 550000),
('OL3980', '47826', 'BMW', '1', '116i', 2010, 'Tainan', 1660000),
('ON2581', '88888', 'Volkswagen', 'Caddy Pro', '', 2001, 'NewTaipei', 360000),
('ON8494', '47826', 'Volkswagen', 'CC', '', 2004, 'Tainan', 1290000),
('OO4811', '78990', 'Ford', 'Kuga', '', 2007, 'Yunlin', 1320000),
('OP6120', '59094', 'Mazda', 'CX-7', '', 2004, 'Taipei', 210000),
('OQ3480', '47826', 'Toyota', 'Vios', '', 2006, 'Tainan', 1540000),
('OU7249', '22374', 'BMW', '5', '520i M Sport', 2000, 'Chiayi', 450000),
('OV4554', '59094', 'Audi', 'Q3', '', 2009, 'Taipei', 1800000),
('OV7222', '29738', 'Toyota', 'Wish', '', 2004, 'Nantou', 230000),
('OV9543', '78990', 'Volkswagen', 'Bora', '', 2003, 'Yunlin', 360000),
('PA9811', '78990', 'Hyundai', 'i10', '', 2000, 'Yunlin', 960000),
('PE5722', '59094', 'Mitsubishi', 'Savrin', '', 2008, 'Taipei', 630000),
('PF7729', '29030', 'Volvo', 'S40', '', 2000, 'Changhua', 1270000),
('PH9394', '47826', 'Lexus', 'RX450h', '', 2005, 'Tainan', 220000),
('PK7630', '29030', 'BMW', '1', '130i', 2001, 'Changhua', 1490000),
('PL4696', '88888', 'Mercedes', 'C', 'C220D', 2000, 'NewTaipei', 1870000),
('PL8508', '29030', 'Nissan', 'Murano', '', 2002, 'Changhua', 490000),
('PM8211', '78990', 'BMW', '1', '118i', 2010, 'Yunlin', 1060000),
('PN1321', '78990', 'Toyota', 'Corolla Altis', '', 2007, 'Yunlin', 360000),
('PN3195', '22374', 'Volvo', 'XC90', '', 2009, 'Chiayi', 1920000),
('PQ4901', '59094', 'Audi', 'A4 Allroad', '', 2008, 'Taipei', 110000),
('PQ8415', '29030', 'Lamborghini', 'Huracan LP610-4', '', 2007, 'Changhua', 16330000),
('PR3826', '59094', 'Volkswagen', 'Polo', '', 2006, 'Taipei', 1610000),
('PS9527', '59094', 'Volkswagen', 'Sportsvan', '', 2010, 'Taipei', 1560000),
('PU2057', '47826', 'Audi', 'S4 Sedan', '', 2005, 'Tainan', 530000),
('PU4296', '78990', 'BMW', '7', '730Li', 2008, 'Yunlin', 1130000),
('PV3026', '25403', 'Audi', 'S3', '', 2010, 'Taoyuan', 970000),
('PY5454', '29030', 'Mitsubishi', 'Veryca', '', 2003, 'Changhua', 1880000),
('PZ1000', '78990', 'BMW', '3', '320i LCI', 2001, 'Yunlin', 620000),
('PZ2773', '22374', 'Mitsubishi', 'EVO', '', 2006, 'Chiayi', 580000),
('QA3723', '59094', 'BMW', '5', '530i', 2010, 'Taipei', 1320000),
('QE8209', '22374', 'Volkswagen', 'T5 Shuttle', '', 2007, 'Chiayi', 1830000),
('QF2924', '59094', 'Audi', 'A8', '', 2006, 'Taipei', 170000),
('QJ1576', '25403', 'Toyota', 'Corona', '', 2006, 'Taoyuan', 900000),
('QL7875', '29030', 'BMW', '5', 'M550i xDrive', 2003, 'Changhua', 1150000),
('QM8354', '47826', 'Nissan', 'Bluebird', '', 2009, 'Tainan', 1690000),
('QO8160', '29738', 'BMW', '5', '520d GT', 2005, 'Nantou', 1440000),
('QP3484', '78990', 'BMW', '3', '320ci', 2000, 'Yunlin', 1770000),
('QP5655', '88888', 'Volvo', 'V90', '', 2001, 'NewTaipei', 180000),
('QR1349', '59094', 'Mazda', 'CX-5', '', 2009, 'Taipei', 1740000),
('QR7277', '47826', 'Audi', 'TTS', '', 2007, 'Tainan', 750000),
('QT4048', '25403', 'BMW', '5', '520i', 2005, 'Taoyuan', 460000),
('QW2007', '47826', 'Volkswagen', 'Tiguan', '', 2007, 'Tainan', 1060000),
('QW7093', '22374', 'Volvo', 'V90 Cross Country', '', 2007, 'Chiayi', 120000),
('QWE9487', '88888', 'BMW', '2', 'M 220l', 2009, 'NewTaipei', 660000),
('QY6876', '59094', 'Lexus', 'UX200', '', 2001, 'Taipei', 600000),
('RA5458', '29738', 'Volkswagen', 'Sharan', '', 2008, 'Nantou', 850000),
('RC3156', '88888', 'BMW', '5', '520i Luxury', 2010, 'NewTaipei', 780000),
('RC9528', '59094', 'Mercedes', 'B', 'B200d', 2010, 'Taipei', 140000),
('RE1772', '59094', 'Toyota', 'Tercel', '', 2001, 'Taipei', 1170000),
('RE4950', '78990', 'Toyota', 'Coaster', '', 2009, 'Yunlin', 1840000),
('RF5014', '47826', 'Mercedes', 'C', 'C400', 2005, 'Tainan', 1160000),
('RH2854', '47826', 'Audi', 'SQ7', '', 2010, 'Tainan', 1570000),
('RL1793', '25403', 'Volkswagen', 'Tiguan Allspace', '', 2005, 'Taoyuan', 190000),
('RL2762', '78990', 'Volkswagen', 'T6', '', 2010, 'Yunlin', 630000),
('RM7552', '22374', 'Volkswagen', 'T5', '', 2004, 'Chiayi', 410000),
('RN2894', '88888', 'BMW', '6', '640i M Sport', 2004, 'NewTaipei', 1470000),
('RO8073', '29738', 'BMW', '4', '420i', 2001, 'Nantou', 1460000),
('RV2400', '22374', 'BMW', '3', '328i', 2003, 'Chiayi', 1490000),
('RV7890', '29738', 'BMW', '5', '520d Luxury', 2008, 'Nantou', 890000),
('RW6285', '47826', 'Audi', 'S4 Avant', '', 2010, 'Tainan', 160000),
('RW7078', '59094', 'Audi', 'Q7', '', 2006, 'Taipei', 710000),
('RX9372', '29738', 'Mercedes', 'C', 'C200', 2009, 'Nantou', 620000),
('SD1434', '47826', 'BMW', '8', 'm850i', 2003, 'Tainan', 1770000),
('SD5514', '25403', 'Toyota', 'Hilux', '', 2003, 'Taoyuan', 690000),
('SD8153', '29738', 'Volkswagen', 'Jetta', '', 2003, 'Nantou', 1190000),
('SF5204', '88888', 'Ford', 'Tourneo Custom', '', 2008, 'NewTaipei', 1490000),
('SM7211', '59094', 'Nissan', 'Pick up', '', 2000, 'Taipei', 1970000),
('SO4833', '88888', 'BMW', '5', 'ActiveHybrid 5', 2004, 'NewTaipei', 440000),
('SP7745', '29738', 'Ford', 'Pronto', '', 2005, 'Nantou', 290000),
('SP8810', '25403', 'BMW', '2', 'M235i', 2010, 'Taoyuan', 700000),
('SQ2123', '47826', 'BMW', '4', '440i M Sport', 2008, 'Tainan', 1350000),
('SQ6660', '78990', 'Toyota', 'Land Cruiser Prado', '', 2009, 'Yunlin', 900000),
('SU1496', '25403', 'Toyota', '4Runner', '', 2006, 'Taoyuan', 1190000),
('SX4730', '29030', 'Mazda', 'RX-8', '', 2004, 'Changhua', 1030000),
('SY1675', '88888', 'Ford', 'PRZ', '', 2009, 'NewTaipei', 1870000),
('SZ1402', '88888', 'BMW', '6', '640i', 2004, 'NewTaipei', 1850000),
('SZ9311', '47826', 'BMW', '5', '530i xDrive', 2000, 'Tainan', 120000),
('TA2528', '29030', 'Toyota', 'Granvia', '', 2001, 'Changhua', 1450000),
('TC1864', '22374', 'Ford', 'E-250', '', 2005, 'Chiayi', 790000),
('TE3530', '29738', 'Lamborghini', 'Aventador', '', 2005, 'Nantou', 18960000),
('TE4045', '88888', 'BMW', '7', '730d Luxury', 2000, 'NewTaipei', 1900000),
('TG2655', '29738', 'Audi', 'A4 Sendan', '', 2003, 'Nantou', 450000),
('TG5226', '47826', 'Ford', 'Ranger', '', 2001, 'Tainan', 670000),
('TH7700', '25403', 'Nissan', 'Rogue', '', 2003, 'Taoyuan', 760000),
('TJ6348', '47826', 'Mercedes', 'C', 'C220', 2004, 'Tainan', 410000),
('TJ6897', '59094', 'BMW', '3', '318Ci', 2009, 'Taipei', 580000),
('TL1238', '59094', 'BMW', '3', '328xi', 2001, 'Taipei', 1270000),
('TL1691', '47826', 'Audi', 'TT', '', 2005, 'Tainan', 1470000),
('TL3440', '29738', 'Volkswagen', 'Lupo GTi', '', 2008, 'Nantou', 260000),
('TN4243', '22374', 'BMW', '7', 'L7', 2008, 'Chiayi', 140000),
('TO3042', '22374', 'BMW', '5', '520d Touring', 2003, 'Chiayi', 1660000),
('TO4994', '25403', 'BMW', '1', '120i M Sport', 2007, 'Taoyuan', 1070000),
('TT4523', '47826', 'Volkswagen', 'Beetle', '', 2002, 'Tainan', 650000),
('TT8976', '88888', 'BMW', '7', '750Ld', 2004, 'NewTaipei', 370000),
('TV4665', '29030', 'Toyota', 'Sienna', '', 2001, 'Changhua', 460000),
('TX6760', '25403', 'Lexus', 'RC F', '', 2003, 'Taoyuan', 1590000),
('TY7199', '25403', 'Hyundai', 'Tucson', '', 2009, 'Taoyuan', 680000),
('UA7498', '29738', 'BMW', '1', 'M118i', 2003, 'Nantou', 690000),
('UC8366', '88888', 'Ford', 'Mondeo Hybrid', '', 2001, 'NewTaipei', 1440000),
('UF4553', '25403', 'BMW', '5', '520d', 2003, 'Taoyuan', 690000),
('UH9934', '47826', 'Toyota', 'Camry', '', 2009, 'Tainan', 920000),
('UI1110', '59094', 'BMW', '2', '225i', 2000, 'Taipei', 660000),
('UK8373', '59094', 'BMW', '7', '740Li Luxury', 2006, 'Taipei', 530000),
('UL2296', '29738', 'Ford', 'Mustang', '', 2005, 'Nantou', 1110000),
('UL3689', '59094', 'Mitsubishi', 'Delica廂車', '', 2005, 'Taipei', 860000),
('UL7825', '47826', 'Volkswagen', 'T5 Caravelle', '', 2002, 'Tainan', 360000),
('UN6431', '59094', 'Volkswagen', 'Touran', '', 2000, 'Taipei', 1780000),
('UO7551', '22374', 'Toyota', 'Celica', '', 2005, 'Chiayi', 1520000),
('UO8898', '29030', 'BMW', '3', '323i M Sport', 2009, 'Changhua', 1280000),
('UP9596', '25403', 'Honda', 'CR-V', '', 2004, 'Taoyuan', 1860000),
('UQ7883', '29030', 'Lexus', 'ES350', '', 2006, 'Changhua', 1660000),
('UQ9743', '29738', 'Volkswagen', 'Golf', '', 2004, 'Nantou', 870000),
('UR3762', '59094', 'BMW', '5', '525iA', 2009, 'Taipei', 1930000),
('UR5456', '22374', 'Mitsubishi', 'Virage', '', 2002, 'Chiayi', 1400000),
('UR8044', '47826', 'Audi', 'A3 Sportback', '', 2010, 'Tainan', 290000),
('UT1870', '22374', 'Lexus', 'GS350F', '', 2008, 'Chiayi', 890000),
('UU1750', '25403', 'Hyundai', 'Trajet', '', 2009, 'Taoyuan', 1510000),
('UW5455', '22374', 'Toyota', 'Dyna', '', 2002, 'Chiayi', 1240000),
('UY8617', '22374', 'Volkswagen', 'Lupo', '', 2006, 'Chiayi', 1030000),
('VB2662', '47826', 'Ford', 'Focus', '', 2001, 'Tainan', 1720000),
('VB3963', '88888', 'Toyota', '86', '', 2006, 'NewTaipei', 540000),
('VD1199', '25403', 'BMW', '7', '750Li', 2006, 'Taoyuan', 1460000),
('VF2915', '29030', 'Toyota', 'Camry Hybrid', '', 2010, 'Changhua', 1360000),
('VG6639', '47826', 'Ford', 'Escape', '', 2001, 'Tainan', 570000),
('VK3366', '88888', 'BMW', '1', '120i', 2007, 'NewTaipei', 1240000),
('VL6555', '78990', 'BMW', '5', '528i', 2003, 'Yunlin', 1390000),
('VO2469', '88888', 'Audi', 'S6 Sedan', '', 2004, 'NewTaipei', 110000),
('VO4708', '25403', 'BMW', '7', '740i', 2008, 'Taoyuan', 700000),
('VQ6190', '25403', 'Toyota', 'Auris', '', 2009, 'Taoyuan', 430000),
('VS2839', '29738', 'Mercedes', 'C', 'C180', 2006, 'Nantou', 2000000),
('VT4518', '47826', 'BMW', '5', '525d', 2005, 'Tainan', 1390000),
('VU1026', '47826', 'Nissan', 'MaXima', '', 2006, 'Tainan', 720000),
('VW4244', '25403', 'BMW', '3', '320d', 2008, 'Taoyuan', 630000),
('VX3383', '88888', 'Lexus', 'CT200h', '', 2010, 'NewTaipei', 1720000),
('VX8883', '47826', 'BMW', '5', '525i', 2001, 'Tainan', 1120000),
('VY6603', '59094', 'Mercedes', 'B', 'B200t', 2008, 'Taipei', 1780000),
('VZ5624', '78990', 'Audi', 'A6', '', 2005, 'Yunlin', 1700000),
('VZ9630', '29030', 'Mercedes', 'C', 'C230K', 2000, 'Changhua', 570000),
('WB7646', '47826', 'Audi', 'S5 Sportback', '', 2002, 'Tainan', 880000),
('WC6888', '22374', 'BMW', '5', '528i Touring', 2004, 'Chiayi', 680000),
('WD8592', '88888', 'BMW', '5', '528i Luxury', 2001, 'NewTaipei', 1390000),
('WF2559', '59094', 'BMW', '3', '325is', 2006, 'Taipei', 410000),
('WF5384', '88888', 'Toyota', 'Japan Camry Hybrid', '', 2008, 'NewTaipei', 1680000),
('WG2536', '47826', 'BMW', '7', '735iL', 2010, 'Tainan', 480000),
('WI3906', '78990', 'Mitsubishi', 'Space Gear', '', 2004, 'Yunlin', 310000),
('WJ7621', '47826', 'Honda', 'Ferio', '', 2009, 'Tainan', 710000),
('WN4431', '29738', 'Ford', 'Metrostar', '', 2006, 'Nantou', 1060000),
('WN4816', '25403', 'Volkswagen', 'Golf R', '', 2008, 'Taoyuan', 980000),
('WN9697', '88888', 'BMW', '3', '330ci', 2006, 'NewTaipei', 300000),
('WO2276', '88888', 'BMW', '5', '540i', 2001, 'NewTaipei', 670000),
('WQ6618', '29030', 'BMW', '5', '550i', 2004, 'Changhua', 1210000),
('WR3175', '47826', 'BMW', '4', '430i M Sport', 2006, 'Tainan', 1850000),
('WU3138', '47826', 'BMW', '3', '320i', 2001, 'Tainan', 2000000),
('WV7324', '25403', 'BMW', '7', '730d', 2001, 'Taoyuan', 380000),
('WY6871', '78990', 'Mercedes', 'A', 'A180', 2006, 'Yunlin', 1360000),
('XB4669', '78990', 'Toyota', 'Tacoma', '', 2002, 'Yunlin', 1780000),
('XC5609', '22374', 'Audi', 'Q2', '', 2009, 'Chiayi', 1700000),
('XC7950', '47826', 'Volvo', 'V40', '', 2005, 'Tainan', 950000),
('XF3197', '47826', 'Mazda', 'E2000', '', 2001, 'Tainan', 1370000),
('XG6898', '29030', 'Lexus', 'RX350', '', 2001, 'Changhua', 1330000),
('XI5761', '22374', 'BMW', '7', 'M760Li', 2004, 'Chiayi', 260000),
('XI6145', '47826', 'Audi', 'A3 Sedan', '', 2010, 'Tainan', 1940000),
('XI7455', '29738', 'Volkswagen', 'Beetle 1.8T', '', 2008, 'Nantou', 1640000),
('XL4645', '25403', 'Volkswagen', 'Scirocco R', '', 2000, 'Taoyuan', 1470000),
('XL6775', '78990', 'Audi', 'S5 Coupe', '', 2000, 'Yunlin', 390000),
('XM1769', '47826', 'Nissan', 'Tiida', '', 2008, 'Tainan', 1970000),
('XM4903', '22374', 'Honda', 'Civic K8', '', 2000, 'Chiayi', 230000),
('XM6665', '47826', 'Lexus', 'GS350', '', 2006, 'Tainan', 1880000),
('XN3181', '47826', 'Audi', 'A5 Sportback', '', 2008, 'Tainan', 1060000),
('XP1722', '88888', 'BMW', '3', '318ia', 2010, 'NewTaipei', 1240000),
('XP6867', '29030', 'BMW', '3', '325i', 2004, 'Changhua', 580000),
('XQ2599', '59094', 'BMW', '3', '330i GT', 2004, 'Taipei', 1990000),
('XS9591', '88888', 'Toyota', 'Previa', '', 2001, 'NewTaipei', 100000),
('XV4795', '59094', 'Mercedes', 'A', 'AMG A 35 4Matic', 2004, 'Taipei', 370000),
('XX8856', '59094', 'Volkswagen', 'T5 Kombi', '', 2009, 'Taipei', 1570000),
('XY4821', '22374', 'BMW', '4', '420i M Sport', 2005, 'Chiayi', 1090000),
('XZ7208', '29738', 'Toyota', 'Prius c', '', 2007, 'Nantou', 690000),
('YA5311', '88888', 'Honda', 'Civic Type R', '', 2009, 'NewTaipei', 390000),
('YE9302', '78990', 'Toyota', 'Crown', '', 2007, 'Yunlin', 1080000),
('YG7331', '29030', 'BMW', '7', 'ActiveHybrid 7L', 2004, 'Changhua', 640000),
('YI1308', '47826', 'Ford', 'Focus Powershift', '', 2002, 'Tainan', 1720000),
('YL2056', '29738', 'Volvo', 'XC70', '', 2007, 'Nantou', 520000),
('YM7726', '78990', 'Hyundai', 'IONIQ', '', 2000, 'Yunlin', 100000),
('YN4403', '25403', 'BMW', '3', '325xi', 2007, 'Taoyuan', 630000),
('YN9577', '88888', 'Volkswagen', 'Vento HL', '', 2007, 'NewTaipei', 1730000),
('YO1206', '25403', 'Audi', 'RS 3', '', 2009, 'Taoyuan', 990000),
('YQ4436', '47826', 'Mercedes', 'C', 'C300 Cabrio', 2000, 'Tainan', 1940000),
('YR3634', '29030', 'Mitsubishi', 'Pajero三門款', '', 2002, 'Changhua', 1910000),
('YR6115', '78990', 'BMW', '5', '530XI Touring', 2009, 'Yunlin', 1330000),
('YR6720', '59094', 'Mitsubishi', 'Outlander PHEV', '', 2009, 'Taipei', 980000),
('YU2755', '88888', 'BMW', '3', '328i M Sport', 2005, 'NewTaipei', 1500000),
('YW4042', '59094', 'BMW', '2', 'M235i xDrive', 2006, 'Taipei', 1650000),
('YZ5528', '25403', 'BMW', '3', '330i M Sport', 2008, 'Taoyuan', 1660000),
('ZB5167', '29738', 'BMW', '2', '218d', 2001, 'Nantou', 1600000),
('ZB8272', '59094', 'BMW', '5', '550i GT', 2010, 'Taipei', 1550000),
('ZB9640', '22374', 'Nissan', 'GT-R', '', 2001, 'Chiayi', 1160000),
('ZD5403', '25403', 'Mitsubishi', 'Zinger', '', 2006, 'Taoyuan', 1250000),
('ZE4940', '22374', 'BMW', '4', '440i', 2005, 'Chiayi', 1420000),
('ZG6486', '47826', 'Hyundai', 'Porter', '', 2007, 'Tainan', 1140000),
('ZH9246', '88888', 'Lexus', 'ISF', '', 2001, 'NewTaipei', 350000),
('ZI5470', '25403', 'BMW', '7', '740Li', 2008, 'Taoyuan', 1360000),
('ZI9227', '29030', 'BMW', '1', '125i', 2006, 'Changhua', 1900000),
('ZJ3223', '25403', 'Nissan', 'Nissan Kicks', '', 2010, 'Taoyuan', 1430000),
('ZK5559', '88888', 'Lexus', 'IS250C', '', 2009, 'NewTaipei', 1340000),
('ZL7220', '47826', 'Mitsubishi', 'Freeca', '', 2002, 'Tainan', 1910000),
('ZM5139', '29738', 'Volvo', 'V60 Cross Country', '', 2009, 'Nantou', 1720000),
('ZS9788', '59094', 'Volkswagen', 'Pointer', '', 2007, 'Taipei', 1740000),
('ZT1159', '22374', 'Mercedes', 'C', 'C32', 2009, 'Chiayi', 1070000),
('ZT2662', '88888', 'BMW', '5', '530d GT', 2009, 'NewTaipei', 570000),
('ZT3908', '88888', 'BMW', '2', 'M240i', 2010, 'NewTaipei', 1320000),
('ZT5764', '59094', 'Nissan', 'Juke', '', 2007, 'Taipei', 230000),
('ZV8588', '88888', 'Mercedes', 'C', 'C320', 2009, 'NewTaipei', 690000),
('ZY5889', '25403', 'Toyota', 'Supra', '', 2001, 'Taoyuan', 1080000),
('ZY6858', '78990', 'Toyota', 'Prius PHV', '', 2006, 'Yunlin', 1520000),
('ZZ7540', '29738', 'Mercedes', 'C', 'C63 AMG', 2002, 'Nantou', 1500000);

--
-- 已傾印資料表的索引
--

--
-- 資料表索引 `buyer`
--
ALTER TABLE `buyer`
  ADD PRIMARY KEY (`BuyerID`);

--
-- 資料表索引 `cardealer`
--
ALTER TABLE `cardealer`
  ADD PRIMARY KEY (`CarDealerID`);

--
-- 資料表索引 `carresource`
--
ALTER TABLE `carresource`
  ADD PRIMARY KEY (`Brand`,`CarType`,`CarStyle`);

--
-- 資料表索引 `orderform`
--
ALTER TABLE `orderform`
  ADD PRIMARY KEY (`OrderID`),
  ADD KEY `BuyerID` (`BuyerID`);

--
-- 資料表索引 `record`
--
ALTER TABLE `record`
  ADD PRIMARY KEY (`RecordID`),
  ADD KEY `OrderID` (`OrderID`);

--
-- 資料表索引 `salescar`
--
ALTER TABLE `salescar`
  ADD PRIMARY KEY (`LicensePlate`),
  ADD KEY `CarDealerID` (`CarDealerID`),
  ADD KEY `Brand` (`Brand`,`CarType`,`CarStyle`);

--
-- 已傾印資料表的限制式
--

--
-- 資料表的限制式 `orderform`
--
ALTER TABLE `orderform`
  ADD CONSTRAINT `orderform_ibfk_2` FOREIGN KEY (`BuyerID`) REFERENCES `buyer` (`BuyerID`) ON DELETE CASCADE ON UPDATE CASCADE;

--
-- 資料表的限制式 `record`
--
ALTER TABLE `record`
  ADD CONSTRAINT `record_ibfk_1` FOREIGN KEY (`OrderID`) REFERENCES `orderform` (`OrderID`) ON DELETE CASCADE ON UPDATE CASCADE;

--
-- 資料表的限制式 `salescar`
--
ALTER TABLE `salescar`
  ADD CONSTRAINT `salescar_ibfk_1` FOREIGN KEY (`CarDealerID`) REFERENCES `cardealer` (`CarDealerID`) ON DELETE CASCADE ON UPDATE CASCADE;
COMMIT;

/*!40101 SET CHARACTER_SET_CLIENT=@OLD_CHARACTER_SET_CLIENT */;
/*!40101 SET CHARACTER_SET_RESULTS=@OLD_CHARACTER_SET_RESULTS */;
/*!40101 SET COLLATION_CONNECTION=@OLD_COLLATION_CONNECTION */;
